name,serialnumber,isvirtual,shortdescription,versionnumber,workgroup,model,hostname,tokenid,ReconciliationRuleId
PC1 55511622,1,0,1,3,2,0,1,0,110
PC1 70952803,1,0,2,3,2,0,1,0,110
PC1 12128161,1,0,1,3,2,0,1,0,110
PC1 5471073,1,0,2,3,2,0,1,0,110
Sys1 62605755,1,0,2,3,2,1,1,0,110
Sys1 2860024,1,0,1,3,2,1,1,0,110
Sys1 4580400,0,0,1,3,2,1,1,0,130
Sys1 66129263,1,0,1,3,2,1,1,0,110
Sys1 29805520,1,0,1,3,2,1,1,0,110
Sys1 57293437,1,0,1,3,2,1,1,0,110
PC1 29690754,1,0,1,3,2,0,1,0,110
PC1 85494095,1,0,1,3,2,0,1,0,110
Sys1 88149555,1,0,1,3,2,1,1,0,110
Sys1 87307007,1,0,2,3,2,1,1,0,110
PC1 69287694,1,0,1,3,2,0,1,0,110
Sys1 22102041,1,0,2,3,2,1,1,0,110
PC1 76285393,1,0,1,3,2,0,1,0,110
PC1 37184206,1,0,1,3,2,0,1,0,110
PC1 86737897,1,0,1,3,2,0,1,0,110
PC1 86541721,1,0,1,3,2,0,1,0,110
Sys1 93931280,1,0,1,3,2,1,1,0,110
Sys1 27464896,1,0,1,3,2,1,1,0,110
Sys1 16238880,1,0,1,3,2,1,1,0,110
PC1 37889066,1,0,2,3,2,0,1,0,110
Sys1 97055011,1,0,1,3,2,1,1,0,110
PC1 48103340,1,0,2,3,2,0,1,0,110
Sys1 84102649,1,0,1,3,2,1,1,0,110
Sys1 32319903,1,0,1,3,2,1,1,0,110
Sys1 2159333,1,0,1,3,2,1,1,0,110
Sys1 60918255,1,0,1,3,2,1,1,0,110
PC1 49518576,1,0,1,3,2,0,1,0,110
PC1 23982492,1,0,1,3,2,0,1,0,110
Sys1 80426078,1,0,1,3,2,1,1,0,110
Sys1 14406249,1,0,1,3,2,1,1,0,110
Sys1 76340685,1,0,1,3,2,1,1,0,110
Sys1 86365357,1,0,1,3,2,1,1,0,110
PC1 72515579,1,0,2,3,2,0,1,0,110
Sys1 74496479,1,0,1,3,2,1,1,0,110
PC1 30727278,1,0,2,3,2,0,1,0,110
PC1 73751369,1,0,1,3,2,0,1,0,110
PC1 26317830,1,0,1,3,2,0,1,0,110
PC1 24652297,1,0,2,3,2,0,1,0,110
PC1 62883172,1,0,1,3,2,0,1,0,110
PC1 19073004,1,0,1,3,2,0,1,0,110
Sys1 77036436,1,0,1,3,2,1,1,0,110
PC1 9192330,1,0,1,3,2,0,1,0,110
Sys1 7671073,1,0,1,3,2,1,1,0,110
Sys1 3152528,1,0,2,3,2,1,1,0,110
Sys1 68861224,1,0,2,3,2,1,1,0,110
Sys1 17225594,1,0,2,3,2,1,1,0,110
PC1 95693914,1,0,1,3,2,0,1,0,110
Sys1 21060371,1,0,2,3,2,1,1,0,110
Sys1 1654332,1,0,1,3,2,1,1,0,110
Sys1 49804969,1,0,1,3,2,1,1,0,110
Sys1 96462162,1,0,1,3,2,1,1,0,110
Sys1 52997553,1,0,1,3,2,1,1,0,110
Sys1 72017897,1,0,1,3,2,1,1,0,110
Sys1 74998235,1,0,1,3,2,1,1,0,110
PC1 28081011,1,0,1,3,2,0,1,0,110
Sys1 16998615,1,0,1,3,2,1,1,0,110
PC1 17586068,1,0,1,3,2,0,1,0,110
PC1 25027517,1,0,1,3,2,0,1,0,110
PC1 51610923,1,0,1,3,2,0,1,0,110
Sys1 33158318,1,0,1,3,2,1,1,0,110
Sys1 30668759,1,0,1,3,2,1,1,0,110
Sys1 55077578,1,0,1,3,2,1,1,0,110
Sys1 41606323,1,0,1,3,2,1,1,0,110
PC1 5060389,1,0,1,3,2,0,1,0,110
PC1 1187379,1,0,1,3,2,0,1,0,110
PC1 36170217,1,0,1,3,2,0,1,0,110
Sys1 22248604,1,0,1,3,2,1,1,0,110
PC1 31788028,1,0,1,3,2,0,1,0,110
Sys1 18379187,1,0,1,3,2,1,1,0,110
Sys1 94852357,1,0,1,3,2,1,1,0,110
PC1 87091963,1,0,1,3,2,0,1,0,110
PC1 19167043,1,0,1,3,2,0,1,0,110
PC1 61680055,1,0,1,3,2,0,1,0,110
Sys1 78678895,1,0,1,3,2,1,1,0,110
PC1 27019784,1,0,1,3,2,0,1,0,110
Sys1 30316597,1,0,1,3,2,1,1,0,110
PC1 73829074,1,0,1,3,2,0,1,0,110
PC1 56257150,1,0,1,3,2,0,1,0,110
PC1 84436538,1,0,1,3,2,0,1,0,110
Sys1 53854012,1,0,1,3,2,1,1,0,110
PC1 37814584,1,0,1,3,2,0,1,0,110
PC1 78269956,1,0,1,3,2,0,1,0,110
PC1 29202282,1,0,1,3,2,0,1,0,110
Sys1 32304663,1,0,1,3,2,1,1,0,110
PC1 43796836,1,0,1,3,2,0,1,0,110
PC1 35614426,1,0,1,3,2,0,1,0,110
Sys1 77078425,1,0,1,3,2,1,1,0,110
Sys1 7369710,1,0,1,3,2,1,1,0,110
Sys1 73008087,1,0,1,3,2,1,1,0,110
Sys1 83477435,0,0,1,3,2,1,1,0,130
PC1 2760240,0,0,1,3,2,0,1,0,130
PC1 10893187,0,0,1,3,2,0,1,0,130
PC1 46754476,0,0,1,3,2,0,1,0,130
PC1 24998385,1,0,1,3,2,0,1,0,110
Sys1 23825792,1,0,1,3,2,1,1,0,110
Sys1 17911311,1,0,1,3,2,1,1,0,110
PC1 42125956,1,0,1,3,2,0,1,0,110
Sys1 28682913,1,0,1,3,2,1,1,0,110
PC1 67806020,1,0,1,3,2,0,1,0,110
Sys1 16181836,1,0,1,3,2,1,1,0,110
PC1 8215273,0,0,1,3,2,0,1,0,130
PC1 13240946,0,0,1,3,2,0,1,0,130
Sys1 36747755,0,0,1,3,2,1,1,0,130
Sys1 5085730,0,0,1,3,2,1,1,0,130
Sys1 50731545,0,0,1,3,2,1,1,0,130
PC1 65177529,0,0,1,3,2,0,1,0,130
PC1 69517881,0,0,1,3,2,0,1,0,130
PC1 2258060,1,0,1,3,2,0,1,0,110
Sys1 35570767,1,0,1,3,2,1,1,0,110
Sys1 5249871,0,0,1,3,2,1,1,0,130
PC1 59542276,0,0,1,3,2,0,1,0,130
PC1 96535881,0,0,1,3,2,0,1,0,130
Sys1 85501955,0,0,1,3,2,1,1,0,130
PC1 80960081,1,0,1,3,2,0,1,0,110
Sys1 84528264,0,0,1,3,2,1,1,0,130
Sys1 39548778,0,0,1,3,2,1,1,0,130
Sys1 28678839,0,0,1,3,2,1,1,0,130
Sys1 66130576,0,0,1,3,2,1,1,0,130
Sys1 56005430,0,0,1,3,2,1,1,0,130
PC1 20399883,0,0,1,3,2,0,1,0,130
Sys1 73583955,0,0,1,3,2,1,1,0,130
Sys1 82804357,0,0,1,3,2,1,1,0,130
PC1 37853582,0,0,1,3,2,0,1,0,130
Sys1 76353525,0,0,1,3,2,1,1,0,130
Sys1 77997054,0,0,1,3,2,1,1,0,130
PC1 39362517,0,0,1,3,2,0,1,0,130
PC1 95896769,0,0,1,3,2,0,1,0,130
Sys1 92923929,0,0,1,3,2,1,1,0,130
PC1 11587797,1,0,1,3,2,0,1,0,110
Sys1 49729735,1,0,1,3,2,1,1,0,110
PC1 67586137,0,0,1,3,2,0,1,0,130
PC1 13137011,0,0,1,3,2,0,1,0,130
Sys1 15114826,0,0,1,3,2,1,1,0,130
Sys1 28178697,0,0,1,3,2,1,1,0,130
PC1 10204135,0,0,1,3,2,0,1,0,130
PC1 13287667,0,0,1,3,2,0,1,0,130
PC1 7347,0,0,1,3,2,0,1,0,130
PC1 32574171,0,0,1,3,2,0,1,0,130
PC1 20240613,0,0,1,3,2,0,1,0,130
Sys1 34280443,0,0,1,3,2,1,1,0,130
Sys1 58548899,0,0,1,3,2,1,1,0,130
Sys1 15811633,0,0,1,3,2,1,1,0,130
Sys1 87013610,0,0,1,3,2,1,1,0,130
PC1 10967109,0,0,1,3,2,0,1,0,130
Sys1 1995209,0,0,1,3,2,1,1,0,130
Sys1 36663916,0,0,1,3,2,1,1,0,130
PC1 52072526,0,0,1,3,2,0,1,0,130
PC1 97672170,0,0,1,3,2,0,1,0,130
PC1 50640945,0,0,1,3,2,0,1,0,130
PC1 32201158,0,0,1,3,2,0,1,0,130
Sys1 60975003,0,0,1,3,2,1,1,0,130
Sys1 9934681,0,0,1,3,2,1,1,0,130
Sys1 22256753,0,0,1,3,2,1,1,0,130
PC1 27391827,0,0,1,3,2,0,1,0,130
Sys1 80683820,0,0,1,3,2,1,1,0,130
Sys1 60066399,0,0,1,3,2,1,1,0,130
Sys1 36527120,0,0,1,3,2,1,1,0,130
PC1 29908248,0,0,1,3,2,0,1,0,130
Sys1 5783114,0,0,1,3,2,1,1,0,130
PC1 20245658,0,0,1,3,2,0,1,0,130
PC1 82709272,0,0,1,3,2,0,1,0,130
PC1 81772594,0,0,1,3,2,0,1,0,130
Sys1 26078977,0,0,1,3,2,1,1,0,130
PC1 24990469,0,0,1,3,2,0,1,0,130
PC1 26772956,0,0,1,3,2,0,1,0,130
PC1 48323358,0,0,1,3,2,0,1,0,130
Sys1 61291207,0,0,1,3,2,1,1,0,130
Sys1 23247572,0,0,1,3,2,1,1,0,130
Sys1 70010836,0,0,1,3,2,1,1,0,130
PC1 62811167,0,0,1,3,2,0,1,0,130
PC1 48130581,0,0,1,3,2,0,1,0,130
PC1 9957878,0,0,1,3,2,0,1,0,130
PC1 39949178,0,0,1,3,2,0,1,0,130
Sys1 30002636,0,0,1,3,2,1,1,0,130
Sys1 72068563,0,0,1,3,2,1,1,0,130
PC1 17308258,0,0,1,3,2,0,1,0,130
Sys1 32838641,0,0,1,3,2,1,1,0,130
Sys1 8586338,0,0,1,3,2,1,1,0,130
Sys1 13275395,0,0,1,3,2,1,1,0,130
PC1 87695786,0,0,1,3,2,0,1,0,130
PC1 45653792,0,0,1,3,2,0,1,0,130
Sys1 57143082,0,0,1,3,2,1,1,0,130
Sys1 35590436,0,0,1,3,2,1,1,0,130
PC1 19163490,0,0,1,3,2,0,1,0,130
Sys1 37021643,0,0,1,3,2,1,1,0,130
PC1 64039423,0,0,1,3,2,0,1,0,130
PC1 75571496,0,0,1,3,2,0,1,0,130
Sys1 3423180,0,0,1,3,2,1,1,0,130
Sys1 38479946,0,0,1,3,2,1,1,0,130
Sys1 29727939,0,0,1,3,2,1,1,0,130
Sys1 3894534,0,0,1,3,2,1,1,0,130
Sys1 45433352,0,0,1,3,2,1,1,0,130
Sys1 37497900,0,0,1,3,2,1,1,0,130
Sys1 40419703,0,0,1,3,2,1,1,0,130
Sys1 35682520,0,0,1,3,2,1,1,0,130
Sys1 79380949,0,0,1,3,2,1,1,0,130
PC1 72661453,0,0,1,3,2,0,1,0,130
Sys1 61337111,0,0,1,3,2,1,1,0,130
PC1 22984648,0,0,1,3,2,0,1,0,130
Sys1 86826865,0,0,1,3,2,1,1,0,130
Sys1 88430738,0,0,1,3,2,1,1,0,130
Sys1 80235062,0,0,1,3,2,1,1,0,130
PC1 92253427,0,0,1,3,2,0,1,0,130
Sys1 841013,0,0,1,3,2,1,1,0,130
PC1 61990512,0,0,1,3,2,0,1,0,130
PC1 42789395,0,0,1,3,2,0,1,0,130
PC1 23336129,0,0,1,3,2,0,1,0,130
Sys1 17327548,1,0,1,3,2,1,1,0,110
PC1 92856122,1,0,2,3,2,0,1,0,110
Sys1 65238535,1,0,1,3,2,1,1,0,110
Sys1 28342153,1,0,1,3,2,1,1,0,110
Sys1 91635426,1,0,1,3,2,1,1,0,110
Sys1 4351267,1,0,1,3,2,1,1,0,110
Sys1 11587027,1,0,2,3,2,1,1,0,110
PC1 71453501,1,0,1,3,2,0,1,0,110
Sys1 59848322,1,0,1,3,2,1,1,0,110
PC1 63525890,1,0,2,3,2,0,1,0,110
PC1 42038095,1,0,1,3,2,0,1,0,110
PC1 74886159,1,0,1,3,2,0,1,0,110
Sys1 88727058,1,0,1,3,2,1,1,0,110
PC1 90889314,1,0,1,3,2,0,1,0,110
Sys1 73341733,1,0,1,3,2,1,1,0,110
PC1 83734205,1,0,1,3,2,0,1,0,110
PC1 21450870,1,0,1,3,2,0,1,0,110
PC1 30801812,1,2,2,1,2,0,1,1,100
Sys1 32597171,1,0,1,3,2,1,1,0,110
Sys1 3214389,1,0,1,3,2,1,1,0,110
PC1 47879558,1,0,1,3,2,0,1,0,110
Sys1 46472517,1,0,1,3,2,1,1,0,110
Sys1 90131850,1,0,1,3,2,1,1,0,110
PC1 99058414,1,0,1,3,2,0,1,0,110
Sys1 68357411,1,0,1,3,2,1,1,0,110
PC1 74673674,1,0,1,3,2,0,1,0,110
PC1 56832963,1,0,1,3,2,0,1,0,110
PC1 42742604,1,0,1,3,2,0,1,0,110
Sys1 4191484,1,2,2,1,2,1,1,1,100
PC1 71630183,1,2,2,1,2,0,1,1,100
Sys1 50641357,1,0,1,3,2,1,1,0,110
Sys1 85177015,0,0,1,3,2,1,1,0,130
PC1 53975836,1,2,2,1,2,0,1,1,100
Sys1 20817558,1,2,2,1,2,1,1,1,100
PC1 92412882,1,2,2,1,2,0,1,1,100
PC1 63466750,1,2,2,1,2,0,1,1,100
PC1 94664654,1,2,2,1,2,0,1,1,100
PC1 81292957,1,2,2,1,2,0,1,1,100
PC1 84445953,1,0,1,3,2,0,1,0,110
Sys1 22481865,1,2,2,1,2,1,1,1,100
PC1 41671118,0,0,1,3,2,0,1,0,130
Sys1 16658433,1,2,2,1,2,1,1,1,100
Sys1 46461595,1,2,2,1,2,1,1,1,100
Sys1 35395557,1,2,2,1,2,1,1,1,100
PC1 75919431,1,0,1,3,2,0,1,0,110
PC1 922412,1,2,2,1,2,0,1,1,100
PC1 10284316,1,2,2,1,2,0,1,1,100
Sys1 53739276,1,2,2,1,2,1,1,1,100
PC1 59157145,1,2,2,1,2,0,1,1,100
PC1 51373147,1,2,2,1,2,0,1,1,100
Sys1 68042472,1,2,2,1,2,1,1,1,100
Sys1 43354911,1,2,2,1,2,1,1,1,100
Sys1 62421497,1,2,2,1,2,1,1,1,100
PC1 44715781,1,2,2,1,2,0,1,1,100
Sys1 75035409,1,2,2,1,2,1,1,1,100
PC1 95621192,1,2,2,1,2,0,1,1,100
PC1 77020426,1,2,2,1,2,0,1,1,100
PC1 24382804,1,2,2,1,2,0,1,1,100
Sys1 53996604,1,2,1,3,2,1,0,0,120
Sys1 12270002,1,2,2,1,2,1,1,1,100
PC1 4453756,1,2,2,1,2,0,1,1,100
PC1 47830382,0,2,2,2,0,0,1,0,130
Sys1 42850490,1,0,1,3,2,1,1,0,110
Sys1 69438856,1,2,2,1,2,1,1,1,100
PC1 24076692,1,2,2,1,2,0,1,1,100
Sys1 53591007,1,2,2,1,2,1,1,1,100
PC1 89840417,1,2,2,1,2,0,1,1,100
PC1 1294280,1,0,1,3,2,0,1,0,110
PC1 32176882,1,2,2,1,2,0,1,1,100
Sys1 39323241,1,2,2,1,2,1,1,1,100
PC1 69980424,1,2,1,3,2,0,0,0,120
Sys1 57834513,1,0,1,3,2,1,1,0,110
Sys1 75709192,1,2,2,1,2,1,1,1,100
Sys1 92448859,1,2,2,1,2,1,1,1,100
Sys1 90693362,1,2,2,1,2,1,1,1,100
PC1 69265376,1,2,2,1,2,0,1,1,100
Sys1 89307789,1,2,2,1,2,1,1,1,100
Sys1 65052763,1,2,2,1,2,1,1,1,100
PC1 36810247,1,2,2,1,2,0,1,1,100
Sys1 39307024,1,2,2,1,2,1,1,1,100
Sys1 90458044,1,2,2,1,2,1,1,1,100
PC1 83720778,1,0,1,3,2,0,1,0,110
PC1 39291751,1,2,2,1,2,0,1,1,100
Sys1 20683471,1,2,2,1,2,1,1,1,100
Sys1 78860472,1,0,1,3,2,1,1,0,110
PC1 4381402,1,2,2,1,2,0,1,1,100
Sys1 98306544,1,2,2,1,2,1,1,1,100
PC1 11172164,1,2,2,1,2,0,1,1,100
Sys1 39231472,1,2,2,1,2,1,1,1,100
Sys1 86732174,1,2,2,1,2,1,1,1,100
PC1 82672545,1,2,2,1,2,0,1,1,100
PC1 19748022,1,2,2,1,2,0,1,1,100
PC1 64395300,1,2,2,1,2,0,1,1,100
Sys1 12766322,1,2,2,1,2,1,1,1,100
Sys1 23287205,1,0,2,3,2,1,1,0,110
PC1 14982079,1,2,2,1,2,0,1,1,100
Sys1 96165062,1,2,2,1,2,1,1,1,100
PC1 74377988,1,2,2,1,2,0,1,1,100
PC1 98441700,1,2,2,1,2,0,1,1,100
Sys1 86191495,1,2,2,1,2,1,1,1,100
PC1 67644863,0,2,2,2,0,0,1,0,130
PC1 3636026,1,2,2,1,2,0,1,1,100
PC1 90724007,1,2,2,1,2,0,1,1,100
PC1 78031473,1,2,2,1,2,0,1,1,100
Sys1 37032629,0,2,2,2,0,1,1,0,130
PC1 50588289,1,2,2,1,2,0,1,1,100
PC1 61403271,1,2,2,1,2,0,1,1,100
PC1 9161786,0,2,2,2,0,0,1,0,130
PC1 98067515,1,2,2,1,2,0,1,1,100
PC1 56233288,1,2,2,1,2,0,1,1,100
Sys1 12757772,1,2,2,1,2,1,1,1,100
PC1 15872070,1,2,2,1,2,0,1,1,100
Sys1 53652917,1,2,2,1,2,1,1,1,100
PC1 77966750,0,2,2,2,0,0,1,0,130
PC1 84465158,1,2,2,1,2,0,1,1,100
Sys1 38880810,1,2,2,1,2,1,1,1,100
PC1 46524503,1,2,2,1,2,0,1,1,100
Sys1 42484992,0,2,2,2,0,1,1,0,130
Sys1 51515451,1,2,2,1,2,1,1,1,100
PC1 76182307,1,2,2,1,2,0,1,1,100
Sys1 79175852,1,2,2,1,2,1,1,1,100
PC1 13226587,1,2,2,1,2,0,1,1,100
Sys1 36417412,1,0,2,3,2,1,1,0,110
PC1 84904312,1,0,1,3,2,0,1,0,110
Sys1 78014197,0,0,1,3,2,1,1,0,130
Sys1 6598150,1,0,1,3,2,1,1,0,110
Sys1 13305590,1,0,1,3,2,1,1,0,110
Sys1 20165270,1,0,1,3,2,1,1,0,110
PC1 49645698,1,0,1,3,2,0,1,0,110
Sys1 21180062,1,0,1,3,2,1,1,0,110
PC1 25720818,1,2,1,3,2,0,0,0,120
PC1 84656182,1,2,1,3,2,0,0,0,120
Sys1 18084968,1,2,1,3,2,1,0,0,120
PC1 63870608,1,2,2,1,2,0,1,1,100
Sys1 67318863,0,2,2,2,0,1,1,0,130
Sys1 69974539,0,2,2,2,0,1,1,0,130
PC1 85846726,0,2,2,2,0,0,1,0,130
PC1 78768512,0,2,2,2,0,0,1,0,130
Sys1 15447524,0,2,2,2,0,1,1,0,130
PC1 32710220,0,2,2,2,0,0,1,0,130
Sys1 97920519,0,2,2,2,0,1,1,0,130
PC1 55511622,1,0,1,3,2,0,1,1,110
PC1 18416335,0,2,2,2,0,0,1,0,130
PC1 26074894,1,2,1,3,2,0,0,0,120
PC1 35628430,0,2,2,2,0,0,1,0,130
Sys1 68621115,0,0,1,3,2,1,1,0,130
Sys1 54480461,0,2,2,2,0,1,1,0,130
Sys1 21467747,0,2,2,2,0,1,1,0,130
PC1 6395663,1,2,1,3,2,0,0,0,120
PC1 42995667,0,2,2,2,0,0,1,0,130
Sys1 89681308,0,2,2,2,0,1,1,0,130
PC1 68527753,1,2,1,3,2,0,0,0,120
PC1 54461002,1,0,1,3,2,0,1,0,110
PC1 83426831,0,0,1,3,2,0,1,0,130
Sys1 8574037,1,2,1,3,2,1,0,0,120
Sys1 39717217,1,0,1,3,2,1,1,0,110
Sys1 70489104,1,2,1,3,2,1,0,0,120
PC1 68437489,1,0,1,3,2,0,1,0,110
PC1 67843006,1,2,1,3,2,0,0,0,120
Sys1 72699186,0,2,2,2,0,1,1,0,130
Sys1 22141632,0,2,2,2,0,1,1,0,130
Sys1 94743202,0,2,2,2,0,1,1,0,130
Sys1 3185653,1,2,2,1,2,1,1,1,100
PC1 45237741,0,2,2,2,0,0,1,0,130
Sys1 65322233,0,0,1,3,2,1,1,0,130
Sys1 91912629,0,0,1,3,2,1,1,0,130
Sys1 69118362,1,0,1,3,2,1,1,0,110
PC1 29462977,1,0,1,3,2,0,1,0,110
PC1 14768175,1,0,1,3,2,0,1,0,110
Sys1 59410038,1,0,1,3,2,1,1,0,110
Sys1 8911527,0,2,2,2,0,1,1,0,130
Sys1 10258493,0,2,2,2,0,1,1,0,130
PC1 47231860,0,2,2,2,0,0,1,0,130
PC1 30579880,1,2,1,3,2,0,0,0,120
Sys1 75881719,0,2,2,2,0,1,1,0,130
PC1 79760790,1,2,2,1,2,0,1,1,100
PC1 31715900,1,2,2,1,2,0,1,1,100
PC1 11319831,1,2,2,1,2,0,1,1,100
Sys1 98999147,0,2,2,2,0,1,1,0,130
PC1 34650279,1,0,1,3,2,0,1,0,110
PC1 69051197,0,2,2,2,0,0,1,0,130
Sys1 23659928,1,0,1,3,2,1,1,0,110
Sys1 54283494,1,0,2,3,2,1,1,0,110
Sys1 91389841,1,2,1,3,2,1,0,0,120
Sys1 3162422,0,2,2,2,0,1,1,0,130
PC1 57334916,0,0,1,3,2,0,1,0,130
PC1 83059379,0,2,2,2,0,0,1,0,130
Sys1 9980313,0,0,1,3,2,1,1,0,130
PC1 41896420,1,2,2,1,2,0,1,1,100
PC1 14152443,1,2,1,3,2,0,0,0,120
PC1 24455932,0,0,1,3,2,0,1,0,130
Sys1 32082889,1,0,1,3,2,1,1,0,110
Sys1 5352011,0,2,2,2,0,1,1,0,130
PC1 41573158,0,2,2,2,0,0,1,0,130
PC1 55942726,0,2,2,2,0,0,1,0,130
Sys1 53619933,0,2,2,2,0,1,1,0,130
PC1 30825693,0,2,2,2,0,0,1,0,130
Sys1 1483809,0,2,2,2,0,1,1,0,130
PC1 25775631,1,0,1,3,2,0,1,0,110
PC1 7466599,0,2,2,2,0,0,1,0,130
Sys1 75210361,0,2,2,2,0,1,1,0,130
PC1 87679049,1,0,1,3,2,0,1,0,110
Sys1 58672951,0,2,2,2,0,1,1,0,130
Sys1 78679320,0,2,2,2,0,1,1,0,130
PC1 38227239,0,2,2,2,0,0,1,0,130
PC1 33899584,1,2,1,3,2,0,0,0,120
Sys1 39999996,1,2,1,3,2,1,0,0,120
PC1 92489285,0,2,2,2,0,0,1,0,130
PC1 63781484,1,2,2,1,2,0,1,1,100
Sys1 3840838,1,2,1,3,2,1,0,0,120
Sys1 23674978,0,2,2,2,0,1,1,0,130
Sys1 2303,0,2,2,2,0,1,1,0,130
PC1 85736061,1,2,1,3,2,0,0,0,120
Sys1 11427042,1,2,1,3,2,1,0,0,120
PC1 73469249,1,2,1,3,2,0,0,0,120
Sys1 93062909,1,2,2,1,2,1,1,1,100
PC1 84681337,0,0,1,3,2,0,1,0,130
Sys1 63692033,0,0,1,3,2,1,1,0,130
Sys1 53641801,0,0,1,3,2,1,1,0,130
PC1 11981453,0,2,2,2,0,0,1,0,130
PC1 88914503,0,2,2,2,0,0,1,0,130
Sys1 28345933,0,0,1,3,2,1,1,0,130
PC1 31240934,0,2,2,2,0,0,1,0,130
Sys1 58577138,1,2,1,3,2,1,0,0,120
Sys1 87114580,0,2,2,2,0,1,1,0,130
Sys1 66837011,1,2,1,3,2,1,0,0,120
Sys1 40315055,0,2,2,2,0,1,1,0,130
Sys1 5483264,0,2,2,2,0,1,1,0,130
PC1 65604471,1,0,1,3,2,0,1,0,110
Sys1 61639200,1,0,1,3,2,1,1,0,110
PC1 12651729,0,2,2,2,0,0,1,0,130
PC1 40486687,0,0,1,3,2,0,1,0,130
PC1 57429024,0,0,1,3,2,0,1,0,130
PC1 52554107,0,0,1,3,2,0,1,0,130
PC1 31687419,1,2,1,3,2,0,0,0,120
Sys1 19614008,1,0,1,3,2,1,1,0,110
Sys1 6168256,1,2,1,3,2,1,0,0,120
Sys1 69502335,0,2,2,2,0,1,1,0,130
Sys1 34046543,0,2,2,2,0,1,1,0,130
Sys1 74834703,0,2,2,2,0,1,1,0,130
PC1 60983300,1,2,1,3,2,0,0,0,120
Sys1 95961718,1,0,1,3,2,1,1,0,110
PC1 89864500,0,2,2,2,0,0,1,0,130
PC1 92604504,1,2,2,1,2,0,1,1,100
PC1 18368540,1,2,2,1,2,0,1,1,100
PC1 17003318,1,0,1,3,2,0,1,0,110
Sys1 4592886,0,2,2,2,0,1,1,0,130
Sys1 74830593,1,0,1,3,2,1,1,0,110
PC1 70845180,0,2,2,2,0,0,1,0,130
Sys1 30368121,0,2,2,2,0,1,1,0,130
Sys1 22527204,0,2,2,2,0,1,1,0,130
PC1 35356678,0,2,2,2,0,0,1,0,130
PC1 47784408,0,2,2,2,0,0,1,0,130
PC1 71497760,0,2,2,2,0,0,1,0,130
PC1 21399031,0,2,2,2,0,0,1,0,130
Sys1 49091135,1,2,2,1,2,1,1,1,100
Sys1 60876,1,2,1,3,2,1,0,0,120
PC1 70909179,0,2,2,2,0,0,1,0,130
PC1 51892558,1,2,1,3,2,0,0,0,120
Sys1 61226403,0,2,2,2,0,1,1,0,130
PC1 49848319,0,2,2,2,0,0,1,0,130
PC1 26978090,0,2,2,2,0,0,1,0,130
Sys1 10061646,0,2,2,2,0,1,1,0,130
PC1 60768918,0,2,2,2,0,0,1,0,130
Sys1 76652663,0,2,2,2,0,1,1,0,130
PC1 89627182,0,2,2,2,0,0,1,0,130
Sys1 68574717,0,2,2,2,0,1,1,0,130
Sys1 48062579,1,2,1,3,2,1,0,0,120
Sys1 19821103,0,2,2,2,0,1,1,0,130
PC1 6487150,0,2,2,2,0,0,1,0,130
PC1 80960228,0,2,2,2,0,0,1,0,130
PC1 67993711,1,2,2,1,2,0,1,1,100
PC1 74813408,1,0,1,3,2,0,1,0,110
Sys1 57121037,0,2,2,2,0,1,1,0,130
Sys1 18952558,0,2,2,2,0,1,1,0,130
PC1 84172938,0,2,2,2,0,0,1,0,130
Sys1 94308206,0,2,2,2,0,1,1,0,130
Sys1 53344463,0,2,2,2,0,1,1,0,130
Sys1 42034868,1,0,1,3,2,1,1,0,110
PC1 15976658,0,2,2,2,0,0,1,0,130
Sys1 38623968,0,2,2,2,0,1,1,0,130
Sys1 23647591,0,2,2,2,0,1,1,0,130
Sys1 33782687,0,2,2,2,0,1,1,0,130
Sys1 57052745,1,0,1,3,2,1,1,0,110
PC1 3062347,0,2,2,2,0,0,1,0,130
PC1 98146137,0,0,1,3,2,0,1,0,130
PC1 38942691,1,0,1,3,2,0,1,0,110
Sys1 92667211,0,2,2,2,0,1,1,0,130
PC1 94003562,0,2,2,2,0,0,1,0,130
Sys1 19221114,0,2,2,2,0,1,1,0,130
PC1 45543770,1,2,1,3,2,0,0,0,120
Sys1 69260903,0,2,2,2,0,1,1,0,130
Sys1 12245003,0,0,1,3,2,1,1,0,130
Sys1 70618972,0,2,2,2,0,1,1,0,130
Sys1 16811162,0,2,2,2,0,1,1,0,130
PC1 6102909,1,2,2,1,2,0,1,1,100
PC1 82873640,0,0,1,3,2,0,1,0,130
PC1 98185527,0,2,2,2,0,0,1,0,130
PC1 50028062,0,2,2,2,0,0,1,0,130
PC1 61250140,0,2,2,2,0,0,1,0,130
PC1 84926643,0,2,2,2,0,0,1,0,130
Sys1 44189142,0,0,1,3,2,1,1,0,130
PC1 28908123,0,2,2,2,0,0,1,0,130
PC1 82131039,0,2,2,2,0,0,1,0,130
Sys1 61527569,0,2,2,2,0,1,1,0,130
PC1 68941104,0,2,2,2,0,0,1,0,130
PC1 17042241,0,2,2,2,0,0,1,0,130
PC1 42909072,1,2,1,3,2,0,0,0,120
PC1 86009430,1,2,1,3,2,0,0,0,120
PC1 23010722,0,2,2,2,0,0,1,0,130
Sys1 8993193,0,2,2,2,0,1,1,0,130
PC1 7115154,0,2,2,2,0,0,1,0,130
PC1 84873043,0,2,2,2,0,0,1,0,130
Sys1 97541325,0,2,2,2,0,1,1,0,130
PC1 64107197,0,2,2,2,0,0,1,0,130
Sys1 67016414,0,2,2,2,0,1,1,0,130
PC1 19318755,0,0,1,3,2,0,1,0,130
Sys1 55083990,0,2,2,2,0,1,1,0,130
PC1 61568128,1,2,1,3,2,0,0,0,120
PC1 67672750,1,2,1,3,2,0,0,0,120
PC1 78734762,0,2,2,2,0,0,1,0,130
PC1 2945043,0,0,1,3,2,0,1,0,130
Sys1 70260207,0,2,2,2,0,1,1,0,130
PC1 70521323,1,2,1,3,2,0,0,0,120
PC1 23102120,0,2,2,2,0,0,1,0,130
Sys1 28349267,0,2,2,2,0,1,1,0,130
PC1 19980507,1,2,1,3,2,0,0,0,120
PC1 97967899,1,2,1,3,2,0,0,0,120
Sys1 34420034,1,2,1,3,2,1,0,0,120
PC1 59860970,1,2,1,3,2,0,0,0,120
PC1 51421226,1,2,1,3,2,0,0,0,120
PC1 61031467,1,2,1,3,2,0,0,0,120
PC1 87019200,1,2,1,3,2,0,0,0,120
PC1 79639064,1,2,1,3,2,0,0,0,120
Sys1 7604780,0,2,2,2,0,1,1,0,130
Sys1 66464078,0,0,1,3,2,1,1,0,130
Sys1 90461819,1,2,1,3,2,1,0,0,120
Sys1 70301374,1,0,1,3,2,1,1,0,110
PC1 23739455,1,2,1,3,2,0,0,0,120
PC1 28151609,0,2,2,2,0,0,1,0,130
PC1 42097867,0,0,1,3,2,0,1,0,130
Sys1 47148124,0,0,1,3,2,1,1,0,130
Sys1 18068707,0,2,2,2,0,1,1,0,130
PC1 6175306,1,2,1,3,2,0,0,0,120
Sys1 73290279,0,2,2,2,0,1,1,0,130
Sys1 34699464,0,2,2,2,0,1,1,0,130
PC1 71111770,1,2,1,3,2,0,0,0,120
Sys1 66046056,1,2,1,3,2,1,0,0,120
PC1 98954514,1,2,1,3,2,0,0,0,120
Sys1 37564224,0,2,2,2,0,1,1,0,130
Sys1 79008459,0,0,1,3,2,1,1,0,130
Sys1 64434040,0,0,1,3,2,1,1,0,130
PC1 36390843,1,2,1,3,2,0,0,0,120
Sys1 78867254,1,2,1,3,2,1,0,0,120
Sys1 96710768,1,2,1,3,2,1,0,0,120
Sys1 94080740,1,1,0,4,1,1,0,0,120
Sys1 97045499,1,2,1,3,2,1,0,0,120
Sys1 49473018,1,0,1,3,2,1,1,0,110
Sys1 28537102,0,0,1,3,2,1,1,0,130
Sys1 55013319,0,0,1,3,2,1,1,0,130
PC1 41506724,1,2,1,3,2,0,0,0,120
Sys1 28792927,1,0,1,3,2,1,1,0,110
Sys1 94578341,1,2,1,3,2,1,0,0,120
Sys1 70964472,1,2,1,3,2,1,0,0,120
Sys1 12766059,1,0,1,3,2,1,1,0,110
Sys1 18954701,0,2,2,2,0,1,1,0,130
PC1 77424356,1,2,1,3,2,0,0,0,120
PC1 82728627,1,2,1,3,2,0,0,0,120
PC1 10324034,1,2,1,3,2,0,0,0,120
PC1 13495698,1,0,1,3,2,0,1,0,110
PC1 31468177,0,2,2,2,0,0,1,0,130
Sys1 39680058,1,2,1,3,2,1,0,0,120
Sys1 6533791,1,0,1,3,2,1,1,0,110
Sys1 84722020,1,2,1,3,2,1,0,0,120
PC1 20592405,1,2,1,3,2,0,0,0,120
Sys1 90599774,0,2,2,2,0,1,1,0,130
Sys1 15813006,0,2,2,2,0,1,1,0,130
PC1 32231579,1,2,1,3,2,0,0,0,120
Sys1 24710268,1,2,1,3,2,1,0,0,120
PC1 39886027,0,2,2,2,0,0,1,0,130
PC1 24935224,0,2,2,2,0,0,1,0,130
Sys1 69835494,0,2,2,2,0,1,1,0,130
Sys1 44370303,0,2,2,2,0,1,1,0,130
Sys1 4518735,0,2,2,2,0,1,1,0,130
PC1 12017880,0,2,2,2,0,0,1,0,130
Sys1 99085468,0,2,2,2,0,1,1,0,130
Sys1 53393038,0,2,2,2,0,1,1,0,130
PC1 23287100,0,2,2,2,0,0,1,0,130
Sys1 41333027,0,2,2,2,0,1,1,0,130
PC1 69477412,0,2,2,2,0,0,1,0,130
Sys1 22107175,0,2,2,2,0,1,1,0,130
PC1 72584004,0,2,2,2,0,0,1,0,130
Sys1 36211562,0,2,2,2,0,1,1,0,130
PC1 82118523,0,2,2,2,0,0,1,0,130
Sys1 96094583,0,2,2,2,0,1,1,0,130
Sys1 1047490,0,2,2,2,0,1,1,0,130
PC1 98135949,0,2,2,2,0,0,1,0,130
Sys1 70568954,0,2,2,2,0,1,1,0,130
PC1 18948725,1,2,1,3,2,0,0,0,120
PC1 79143433,1,2,1,3,2,0,0,0,120
PC1 27272288,1,2,1,3,2,0,0,0,120
PC1 87875275,1,2,1,3,2,0,0,0,120
PC1 64909994,1,2,1,3,2,0,0,0,120
Sys1 28013516,0,2,2,2,0,1,1,0,130
PC1 51096855,0,2,2,2,0,0,1,0,130
PC1 64907264,0,2,2,2,0,0,1,0,130
Sys1 7063925,1,2,1,3,2,1,0,0,120
PC1 77242435,0,2,2,2,0,0,1,0,130
Sys1 38125553,0,2,2,2,0,1,1,0,130
PC1 15999789,0,2,2,2,0,0,1,0,130
Sys1 13304664,0,2,2,2,0,1,1,0,130
PC1 20186385,0,2,2,2,0,0,1,0,130
Sys1 34188807,0,2,2,2,0,1,1,0,130
Sys1 35952061,0,2,2,2,0,1,1,0,130
PC1 9679492,0,2,2,2,0,0,1,0,130
Sys1 13104617,0,2,2,2,0,1,1,0,130
Sys1 84056624,0,2,2,2,0,1,1,0,130
PC1 56171893,0,2,2,2,0,0,1,0,130
PC1 17619629,0,2,2,2,0,0,1,0,130
Sys1 18594362,0,2,2,2,0,1,1,0,130
Sys1 7644024,0,2,2,2,0,1,1,0,130
Sys1 83641505,0,2,2,2,0,1,1,0,130
Sys1 88416390,0,2,2,2,0,1,1,0,130
PC1 40526053,0,2,2,2,0,0,1,0,130
Sys1 16980223,0,2,2,2,0,1,1,0,130
PC1 14600290,0,2,2,2,0,0,1,0,130
PC1 2817229,0,2,2,2,0,0,1,0,130
Sys1 52250449,0,2,2,2,0,1,1,0,130
PC1 6425164,0,2,2,2,0,0,1,0,130
PC1 5567570,0,2,2,2,0,0,1,0,130
Sys1 81160464,1,2,1,3,2,1,0,0,120
Sys1 39988206,1,2,1,3,2,1,0,0,120
PC1 57306335,1,2,1,3,2,0,0,0,120
Sys1 33813777,0,2,2,2,0,1,1,0,130
Sys1 96167891,0,2,2,2,0,1,1,0,130
PC1 42930694,0,2,2,2,0,0,1,0,130
PC1 17289730,0,2,2,2,0,0,1,0,130
Sys1 90957590,0,2,2,2,0,1,1,0,130
PC1 82004818,0,2,2,2,0,0,1,0,130
PC1 65123667,0,2,2,2,0,0,1,0,130
Sys1 33967338,0,2,2,2,0,1,1,0,130
Sys1 25620714,0,2,2,2,0,1,1,0,130
Sys1 61413797,0,2,2,2,0,1,1,0,130
PC1 50854121,0,2,2,2,0,0,1,0,130
Sys1 84195591,0,2,2,2,0,1,1,0,130
Sys1 38704673,0,2,2,2,0,1,1,0,130
PC1 46782177,0,2,2,2,0,0,1,0,130
Sys1 5265844,0,2,2,2,0,1,1,0,130
PC1 58576692,0,2,2,2,0,0,1,0,130
PC1 91882310,0,2,2,2,0,0,1,0,130
Sys1 41830697,0,2,2,2,0,1,1,0,130
Sys1 99646525,0,0,1,3,2,1,1,0,130
Sys1 56834909,0,2,2,2,0,1,1,0,130
PC1 62731006,0,2,2,2,0,0,1,0,130
Sys1 43944728,0,2,2,2,0,1,1,0,130
PC1 58657858,0,2,2,2,0,0,1,0,130
Sys1 38273106,0,2,2,2,0,1,1,0,130
Sys1 44226289,0,2,2,2,0,1,1,0,130
Sys1 30497211,0,0,1,3,2,1,1,0,130
Sys1 16633606,0,2,2,2,0,1,1,0,130
PC1 57230931,0,2,2,2,0,0,1,0,130
PC1 9472739,0,2,2,2,0,0,1,0,130
Sys1 91273346,0,2,2,2,0,1,1,0,130
PC1 45446372,0,2,2,2,0,0,1,0,130
Sys1 22805385,0,2,2,2,0,1,1,0,130
PC1 60556294,0,2,2,2,0,0,1,0,130
PC1 52233894,0,0,1,3,2,0,1,0,130
Sys1 76012278,0,2,2,2,0,1,1,0,130
Sys1 80869879,0,0,1,3,2,1,1,0,130
PC1 45686638,0,2,2,2,0,0,1,0,130
Sys1 65494910,0,2,2,2,0,1,1,0,130
PC1 40189245,0,2,2,2,0,0,1,0,130
Sys1 33241341,0,2,2,2,0,1,1,0,130
PC1 41294563,0,2,2,2,0,0,1,0,130
PC1 90920655,0,2,2,2,0,0,1,0,130
Sys1 19311698,0,2,2,2,0,1,1,0,130
Sys1 24007204,0,2,2,2,0,1,1,0,130
Sys1 36346532,0,2,2,2,0,1,1,0,130
PC1 44424639,0,2,2,2,0,0,1,0,130
Sys1 69335818,0,2,2,2,0,1,1,0,130
Sys1 98766468,0,2,2,2,0,1,1,0,130
PC1 55701182,0,2,2,2,0,0,1,0,130
Sys1 64819863,0,2,2,2,0,1,1,0,130
Sys1 33558613,0,2,2,2,0,1,1,0,130
PC1 96445667,0,2,2,2,0,0,1,0,130
Sys1 65691462,0,2,2,2,0,1,1,0,130
Sys1 65657390,0,2,2,2,0,1,1,0,130
Sys1 76204911,0,2,2,2,0,1,1,0,130
Sys1 16335779,0,2,2,2,0,1,1,0,130
Sys1 84628963,0,2,2,2,0,1,1,0,130
Sys1 12953356,0,2,2,2,0,1,1,0,130
Sys1 92841923,0,2,2,2,0,1,1,0,130
PC1 54495214,0,2,2,2,0,0,1,0,130
Sys1 68941150,0,2,2,2,0,1,1,0,130
PC1 4456893,1,2,1,3,2,0,0,0,120
PC1 97555509,0,2,2,2,0,0,1,0,130
PC1 80311777,0,2,2,2,0,0,1,0,130
Sys1 58542808,0,2,2,2,0,1,1,0,130
Sys1 29318423,0,2,2,2,0,1,1,0,130
Sys1 86076982,0,2,2,2,0,1,1,0,130
PC1 89274782,0,2,2,2,0,0,1,0,130
PC1 86085607,0,2,2,2,0,0,1,0,130
Sys1 60723122,0,2,2,2,0,1,1,0,130
PC1 17265814,0,2,2,2,0,0,1,0,130
PC1 43011316,0,2,2,2,0,0,1,0,130
Sys1 58848584,0,2,2,2,0,1,1,0,130
PC1 70776751,1,0,1,3,2,0,1,0,110
PC1 68551871,0,2,2,2,0,0,1,0,130
Sys1 18512101,0,2,2,2,0,1,1,0,130
Sys1 30497211,0,0,1,3,2,1,1,0,130
Sys1 11047007,0,0,1,3,2,1,1,0,130
PC1 48925964,0,2,2,2,0,0,1,0,130
PC1 97751048,0,2,2,2,0,0,1,0,130
Sys1 89690406,0,2,2,2,0,1,1,0,130
Sys1 10907310,0,2,2,2,0,1,1,0,130
PC1 80073675,0,2,2,2,0,0,1,0,130
PC1 72533953,0,2,2,2,0,0,1,0,130
PC1 68939695,1,2,0,4,2,0,0,0,120
Sys1 36874054,1,1,0,4,1,1,0,0,120
PC1 69802627,1,1,0,4,1,0,0,0,120
Sys1 43743499,1,1,0,4,1,1,0,0,120
Sys1 32090755,1,1,0,4,1,1,0,0,120
PC1 7359681,1,1,0,4,1,0,0,0,120
Sys1 5372246,1,1,0,4,1,1,0,0,120
Sys1 51477573,1,1,0,4,1,1,0,0,120
Sys1 81294500,1,1,0,4,1,1,0,0,120
Sys1 26840417,1,1,0,4,1,1,0,0,120
PC1 3632898,1,1,0,4,1,0,0,0,120
Sys1 5559541,1,1,0,4,1,1,0,0,120
PC1 21628584,1,1,0,4,1,0,0,0,120
PC1 33606894,1,1,0,4,1,0,0,0,120
Sys1 6704126,1,1,0,4,1,1,0,0,120
PC1 51456274,1,1,0,4,1,0,0,0,120
PC1 81989316,1,1,0,4,1,0,0,0,120
Sys1 10012494,1,1,0,4,1,1,0,0,120
Sys1 26520197,1,1,0,4,1,1,0,0,120
PC1 80790497,1,1,0,4,1,0,0,0,120
Sys1 53969408,1,1,0,4,1,1,0,0,120
Sys1 93913779,1,1,0,4,1,1,0,0,120
PC1 63662941,1,1,0,4,1,0,0,0,120
Sys1 49318463,1,1,0,4,1,1,0,0,120
PC1 42392452,1,1,0,4,1,0,0,0,120
Sys1 13968325,1,1,0,4,1,1,0,0,120
PC1 60775479,1,1,0,4,1,0,0,0,120
Sys1 3161998,1,1,0,4,1,1,0,0,120
Sys1 87168084,1,1,0,4,1,1,0,0,120
Sys1 29690599,1,1,0,4,1,1,0,0,120
PC1 98525511,1,1,0,4,1,0,0,0,120
Sys1 12707611,1,1,0,4,1,1,0,0,120
Sys1 24265858,1,1,0,4,1,1,0,0,120
Sys1 6264756,1,1,0,4,1,1,0,0,120
PC1 24878723,1,1,0,4,1,0,0,0,120
PC1 97374090,1,1,0,4,1,0,0,0,120
PC1 6043578,1,1,0,4,1,0,0,0,120
PC1 70997717,1,1,0,4,1,0,0,0,120
PC1 79387610,1,1,0,4,1,0,0,0,120
Sys1 3217605,1,1,0,4,1,1,0,0,120
PC1 42555314,1,1,0,4,1,0,0,0,120
Sys1 54121657,1,1,0,4,1,1,0,0,120
PC1 47875226,0,0,1,3,2,0,1,0,130
PC1 82940583,1,1,0,4,1,0,0,0,120
Sys1 33825128,0,0,1,3,2,1,1,0,130
PC1 80117843,1,2,2,1,2,0,1,1,100
Sys1 28217395,1,2,2,1,2,1,1,1,100
Sys1 20836200,1,1,0,4,1,1,0,0,120
PC1 95149258,1,1,0,4,1,0,0,0,120
Sys1 89397200,1,2,0,4,2,1,0,0,120
Sys1 6909216,0,0,1,3,2,1,1,0,130
Sys1 92460767,1,1,0,4,1,1,0,0,120
PC1 93915114,1,1,0,4,1,0,0,0,120
PC1 26532906,1,1,0,4,1,0,0,0,120
PC1 44919280,1,1,0,4,1,0,0,0,120
Sys1 15623131,1,1,0,4,1,1,0,0,120
PC1 51206831,1,1,0,4,1,0,0,0,120
PC1 36606125,1,1,0,4,1,0,0,0,120
Sys1 18304193,1,1,0,4,1,1,0,0,120
Sys1 69604758,1,1,0,4,1,1,0,0,120
Sys1 95512409,1,1,0,4,1,1,0,0,120
Sys1 15754729,1,1,0,4,1,1,0,0,120
Sys1 1884855,1,2,2,1,2,1,1,1,100
Sys1 31578999,1,1,0,4,1,1,0,0,120
Sys1 29516596,1,1,0,4,1,1,0,0,120
Sys1 45859094,1,1,0,4,1,1,0,0,120
Sys1 61730566,1,1,0,4,1,1,0,0,120
Sys1 55408631,1,1,0,4,1,1,0,0,120
Sys1 46931346,0,0,1,3,2,1,1,0,130
PC1 32693132,1,1,0,4,1,0,0,0,120
Sys1 75195179,1,1,0,4,1,1,0,0,120
Sys1 95030303,1,1,0,4,1,1,0,0,120
Sys1 52758610,1,1,0,4,1,1,0,0,120
Sys1 94048867,1,1,0,4,1,1,0,0,120
PC1 20929375,1,1,0,4,1,0,0,0,120
Sys1 14376643,1,1,0,4,1,1,0,0,120
PC1 35509533,1,1,0,4,1,0,0,0,120
PC1 79529196,1,1,0,4,1,0,0,0,120
PC1 20767023,1,1,0,4,1,0,0,0,120
PC1 55002887,1,1,0,4,1,0,0,0,120
Sys1 84916505,1,1,0,4,1,1,0,0,120
PC1 43581061,1,1,0,4,1,0,0,0,120
Sys1 61345878,1,1,0,4,1,1,0,0,120
Sys1 23427217,1,1,0,4,1,1,0,0,120
Sys1 96430873,1,1,0,4,1,1,0,0,120
PC1 27101711,1,1,0,4,1,0,0,0,120
Sys1 84308649,0,0,1,3,2,1,1,0,130
PC1 41382646,0,0,1,3,2,0,1,0,130
Sys1 16995050,0,0,1,3,2,1,1,0,130
Sys1 58364451,1,1,0,4,1,1,0,0,120
PC1 91427558,1,2,0,0,0,0,1,0,110
PC1 26214004,1,1,0,4,1,0,0,0,120
Sys1 3887313,1,2,2,1,2,1,1,1,100
Sys1 23054542,1,1,0,4,1,1,0,0,120
Sys1 96848745,1,2,2,1,2,1,1,1,100
PC1 44357592,1,2,2,1,2,0,1,1,100
PC1 37297876,1,2,2,1,2,0,1,1,100
PC1 93832891,1,2,2,1,2,0,1,1,100
PC1 34023020,1,2,2,1,2,0,1,1,100
PC1 27520796,1,2,2,1,2,0,1,1,100
PC1 82868992,1,2,2,1,2,0,1,1,100
Sys1 84969174,1,2,2,1,2,1,1,1,100
Sys1 24386895,1,2,2,1,2,1,1,1,100
PC1 18159422,0,0,1,3,2,0,1,0,130
Sys1 11653444,1,2,2,1,2,1,1,1,100
Sys1 25433257,1,2,2,1,2,1,1,1,100
PC1 88246474,0,0,1,3,2,0,1,0,130
Sys1 17298996,1,2,2,1,2,1,1,1,100
PC1 5478636,0,0,1,3,2,0,1,0,130
Sys1 28305194,1,2,2,1,2,1,1,1,100
Sys1 80351649,1,2,2,1,2,1,1,1,100
Sys1 40551972,1,2,2,1,2,1,1,1,100
Sys1 16585333,1,2,2,1,2,1,1,1,100
PC1 13604406,1,2,2,1,2,0,1,1,100
PC1 35879756,1,2,2,1,2,0,1,1,100
PC1 6771731,1,2,2,1,2,0,1,1,100
PC1 26994126,1,2,2,1,2,0,1,1,100
PC1 89615013,1,2,2,1,2,0,1,1,100
Sys1 29281978,1,2,2,1,2,1,1,1,100
Sys1 88131565,1,2,2,1,2,1,1,1,100
Sys1 20993898,1,2,2,1,2,1,1,1,100
Sys1 23120171,1,2,2,1,2,1,1,1,100
Sys1 62532006,1,2,2,1,2,1,1,1,100
PC1 64126451,1,2,2,1,2,0,1,1,100
Sys1 40570786,1,2,2,1,2,1,1,1,100
PC1 63409078,1,2,2,1,2,0,1,1,100
Sys1 2379876,1,2,2,1,2,1,1,1,100
PC1 85213721,1,2,2,1,2,0,1,1,100
Sys1 20442594,1,2,2,1,2,1,1,1,100
PC1 19357907,1,2,2,1,2,0,1,1,100
PC1 75796927,1,2,2,1,2,0,1,1,100
PC1 37096606,1,2,2,1,2,0,1,1,100
Sys1 88179850,1,2,2,1,2,1,1,1,100
Sys1 27325661,1,2,2,1,2,1,1,1,100
PC1 51794869,1,2,2,1,2,0,1,1,100
Sys1 75075041,1,2,2,1,2,1,1,1,100
PC1 2329121,1,2,2,1,2,0,1,1,100
Sys1 57893242,1,2,2,1,2,1,1,1,100
PC1 99072273,1,2,2,1,2,0,1,1,100
Sys1 15395473,1,2,2,1,2,1,1,1,100
Sys1 21908262,1,2,2,1,2,1,1,1,100
Sys1 64509482,1,2,2,1,2,1,1,1,100
PC1 48398662,1,2,2,1,2,0,1,1,100
Sys1 63334372,1,2,2,1,2,1,1,1,100
PC1 98992636,1,2,2,1,2,0,1,1,100
Sys1 49066904,1,2,2,1,2,1,1,1,100
PC1 25753349,1,2,2,1,2,0,1,1,100
Sys1 68810405,1,2,2,1,2,1,1,1,100
Sys1 42840393,1,2,2,1,2,1,1,1,100
PC1 45598792,1,2,2,1,2,0,1,1,100
Sys1 87499049,1,2,2,1,2,1,1,1,100
Sys1 60559327,1,2,2,1,2,1,1,1,100
PC1 31597007,1,2,2,1,2,0,1,1,100
PC1 74394741,1,2,2,1,2,0,1,1,100
Sys1 67857722,1,2,2,1,2,1,1,1,100
Sys1 64832696,1,2,2,1,2,1,1,1,100
PC1 91426328,1,2,2,1,2,0,1,1,100
Sys1 99613560,1,2,2,1,2,1,1,1,100
Sys1 10426057,1,2,2,1,2,1,1,1,100
Sys1 3643266,1,2,2,1,2,1,1,1,100
PC1 68138475,1,2,2,1,2,0,1,1,100
Sys1 10867311,1,2,2,1,2,1,1,1,100
Sys1 51425813,1,2,2,1,2,1,1,1,100
PC1 42622123,1,2,2,1,2,0,1,1,100
Sys1 51768800,1,2,2,1,2,1,1,1,100
PC1 51859847,1,2,2,1,2,0,1,1,100
PC1 26288067,1,2,2,1,2,0,1,1,100
Sys1 11510643,1,2,2,1,2,1,1,1,100
PC1 77110782,1,2,2,1,2,0,1,1,100
PC1 83335392,1,2,2,1,2,0,1,1,100
Sys1 64850573,1,2,2,1,2,1,1,1,100
PC1 58809383,1,2,2,1,2,0,1,1,100
PC1 31768130,1,2,2,1,2,0,1,1,100
Sys1 98240580,1,2,2,1,2,1,1,1,100
PC1 29923089,1,2,2,1,2,0,1,1,100
Sys1 82087243,1,2,2,1,2,1,1,1,100
Sys1 66231548,1,2,2,1,2,1,1,1,100
PC1 10552694,1,2,2,1,2,0,1,1,100
Sys1 16597055,1,2,2,1,2,1,1,1,100
Sys1 41815154,1,2,2,1,2,1,1,1,100
PC1 32905138,1,2,2,1,2,0,1,1,100
Sys1 2659943,1,2,2,1,2,1,1,1,100
PC1 6894241,1,2,2,1,2,0,1,1,100
Sys1 73994431,1,2,2,1,2,1,1,1,100
PC1 77998265,1,2,2,1,2,0,1,1,100
Sys1 67930805,1,2,2,1,2,1,1,1,100
PC1 58080508,1,2,2,1,2,0,1,1,100
Sys1 20565697,1,2,2,1,2,1,1,1,100
PC1 52351878,1,2,2,1,2,0,1,1,100
Sys1 92733577,1,2,2,1,2,1,1,1,100
Sys1 86513758,1,2,2,1,2,1,1,1,100
PC1 79565785,1,2,2,1,2,0,1,1,100
PC1 36818336,1,2,2,1,2,0,1,1,100
PC1 93899247,1,2,2,1,2,0,1,1,100
PC1 14932441,1,2,2,1,2,0,1,1,100
PC1 40542632,0,2,2,2,0,0,1,0,130
PC1 68912236,0,2,2,2,0,0,1,0,130
Sys1 88599157,1,2,2,1,2,1,1,1,100
PC1 87461084,1,2,2,1,2,0,1,1,100
PC1 3895315,1,2,2,1,2,0,1,1,100
PC1 60898773,1,2,2,1,2,0,1,1,100
PC1 16942374,1,2,2,1,2,0,1,1,100
PC1 13253446,1,2,2,1,2,0,1,1,100
PC1 93449223,1,2,2,1,2,0,1,1,100
PC1 69458219,1,2,2,1,2,0,1,1,100
PC1 76933909,1,2,2,1,2,0,1,1,100
PC1 90504085,1,2,2,1,2,0,1,1,100
Sys1 84941279,1,2,2,1,2,1,1,1,100
Sys1 39652178,1,2,2,1,2,1,1,1,100
PC1 61631817,1,2,2,1,2,0,1,1,100
PC1 98927599,1,2,2,1,2,0,1,1,100
Sys1 37148356,1,2,2,1,2,1,1,1,100
PC1 57098031,1,2,2,1,2,0,1,1,100
PC1 35020591,1,2,2,1,2,0,1,1,100
PC1 56285864,1,2,2,1,2,0,1,1,100
Sys1 77360485,1,2,2,1,2,1,1,1,100
PC1 82949872,1,2,2,1,2,0,1,1,100
PC1 65620079,1,2,2,1,2,0,1,1,100
PC1 56551765,1,2,2,1,2,0,1,1,100
PC1 89813969,1,2,2,1,2,0,1,1,100
Sys1 16226500,0,2,2,2,0,1,1,0,130
PC1 20367837,1,2,2,1,2,0,1,1,100
Sys1 55045329,1,2,2,1,2,1,1,1,100
Sys1 3878406,1,2,2,1,2,1,1,1,100
Sys1 30349792,1,2,2,1,2,1,1,1,100
PC1 20699244,1,2,2,1,2,0,1,1,100
PC1 82648673,1,2,2,1,2,0,1,1,100
Sys1 22570158,1,2,2,1,2,1,1,1,100
PC1 74821629,1,2,2,1,2,0,1,1,100
Sys1 99494451,1,2,2,1,2,1,1,1,100
Sys1 88382524,1,2,2,1,2,1,1,1,100
PC1 25959250,1,2,1,3,2,0,0,0,120
PC1 19176590,1,2,1,3,2,0,0,0,120
Sys1 54209071,1,2,1,3,2,1,0,0,120
PC1 44284450,1,2,1,3,2,0,0,0,120
PC1 63842632,1,2,1,3,2,0,0,0,120
PC1 37176808,1,2,1,3,2,0,0,0,120
Sys1 75415607,1,2,1,3,2,1,0,0,120
PC1 94123352,1,2,1,3,2,0,0,0,120
PC1 19600281,1,2,1,3,2,0,0,0,120
PC1 45912130,1,2,1,3,2,0,0,0,120
Sys1 44461064,1,2,1,3,2,1,0,0,120
PC1 8837612,1,2,1,3,2,0,0,0,120
Sys1 81254858,1,2,1,3,2,1,0,0,120
PC1 11309878,1,2,1,3,2,0,0,0,120
PC1 10598417,1,2,1,3,2,0,0,0,120
PC1 54771164,1,2,1,3,2,0,0,0,120
PC1 25857976,1,2,1,3,2,0,0,0,120
Sys1 84345017,1,2,1,3,2,1,0,0,120
Sys1 80308862,1,2,1,3,2,1,0,0,120
PC1 66118416,1,2,1,3,2,0,0,0,120
Sys1 93321431,1,2,1,3,2,1,0,0,120
Sys1 93496661,1,2,1,3,2,1,0,0,120
Sys1 38720796,1,2,1,3,2,1,0,0,120
PC1 78654000,1,2,1,3,2,0,0,0,120
PC1 58901755,1,2,1,3,2,0,0,0,120
PC1 23482577,1,2,1,3,2,0,0,0,120
PC1 92600295,1,2,1,3,2,0,0,0,120
Sys1 72033624,1,2,1,3,2,1,0,0,120
Sys1 32825115,1,2,1,3,2,1,0,0,120
Sys1 29398572,1,2,1,3,2,1,0,0,120
PC1 58602644,1,2,1,3,2,0,0,0,120
PC1 62735121,1,2,1,3,2,0,0,0,120
PC1 33561438,1,2,1,3,2,0,0,0,120
PC1 1082706,1,2,1,3,2,0,0,0,120
PC1 38382652,1,2,1,3,2,0,0,0,120
PC1 5768642,1,2,1,3,2,0,0,0,120
Sys1 29622521,1,2,1,3,2,1,0,0,120
PC1 49352084,1,2,1,3,2,0,0,0,120
PC1 47777235,1,2,1,3,2,0,0,0,120
PC1 27043786,1,2,1,3,2,0,0,0,120
Sys1 25090658,1,2,1,3,2,1,0,0,120
Sys1 7282962,1,2,1,3,2,1,0,0,120
Sys1 95163294,1,2,1,3,2,1,0,0,120
PC1 31913942,1,2,1,3,2,0,0,0,120
Sys1 78959397,1,2,1,3,2,1,0,0,120
PC1 9139487,1,2,0,0,0,0,1,0,110
PC1 4140923,1,2,1,3,2,0,0,0,120
PC1 52937726,1,2,1,3,2,0,0,0,120
Sys1 71394072,1,2,1,3,2,1,0,0,120
PC1 83922191,1,2,1,3,2,0,0,0,120
PC1 27956160,1,2,1,3,2,0,0,0,120
Sys1 77638335,1,2,1,3,2,1,0,0,120
PC1 29079045,1,2,1,3,2,0,0,0,120
PC1 38044067,1,2,1,3,2,0,0,0,120
Sys1 28030201,1,2,1,3,2,1,0,0,120
Sys1 83340498,1,2,1,3,2,1,0,0,120
PC1 6498793,1,2,1,3,2,0,0,0,120
Sys1 14448593,1,2,1,3,2,1,0,0,120
Sys1 92199638,1,2,1,3,2,1,0,0,120
Sys1 45224641,1,2,1,3,2,1,0,0,120
Sys1 58712800,1,2,1,3,2,1,0,0,120
PC1 43228826,1,2,1,3,2,0,0,0,120
Sys1 37847656,1,2,1,3,2,1,0,0,120
PC1 76825267,1,2,1,3,2,0,0,0,120
Sys1 25925562,1,2,1,3,2,1,0,0,120
PC1 60975179,1,2,1,3,2,0,0,0,120
PC1 28630991,1,2,1,3,2,0,0,0,120
Sys1 25174326,1,2,1,3,2,1,0,0,120
PC1 36632349,1,2,1,3,2,0,0,0,120
Sys1 40581553,1,2,1,3,2,1,0,0,120
Sys1 70682157,1,2,1,3,2,1,0,0,120
PC1 33617029,1,2,1,3,2,0,0,0,120
Sys1 3790677,1,2,1,3,2,1,0,0,120
Sys1 37509872,1,2,1,3,2,1,0,0,120
PC1 12566523,1,2,1,3,2,0,0,0,120
Sys1 37478638,1,2,1,3,2,1,0,0,120
Sys1 58439960,1,2,1,3,2,1,0,0,120
PC1 55513416,1,2,1,3,2,0,0,0,120
Sys1 85340638,1,2,0,0,0,1,1,0,110
PC1 80045771,1,1,0,4,1,0,0,0,120
Sys1 14953851,1,2,0,0,0,1,1,0,110
Sys1 87733587,1,1,0,4,1,1,0,0,120
Sys1 79198834,1,2,0,0,0,1,1,0,110
Sys1 62396673,1,1,0,4,1,1,0,0,120
Sys1 97639272,1,1,0,4,1,1,0,0,120
Sys1 22289795,1,1,0,4,1,1,0,0,120
PC1 47756365,1,1,0,4,1,0,0,0,120
PC1 69193001,1,2,0,4,2,0,0,0,120
PC1 67972429,1,1,0,4,1,0,0,0,120
Sys1 37317725,1,1,0,4,1,1,0,0,120
Sys1 19091188,1,2,2,1,2,1,1,1,100
Sys1 74729762,1,2,2,1,2,1,1,1,100
Sys1 38658696,1,2,2,1,2,1,1,1,100
Sys1 85248102,1,1,0,4,1,1,0,0,120
PC1 56169579,1,1,0,4,1,0,0,0,120
Sys1 65873527,1,1,0,4,1,1,0,0,120
PC1 60829799,0,2,2,2,0,0,1,0,130
PC1 72084551,0,2,2,2,0,0,1,0,130
PC1 28536936,0,2,2,2,0,0,1,0,130
PC1 38802503,0,2,2,2,0,0,1,0,130
PC1 8459526,0,2,2,2,0,0,1,0,130
PC1 58711973,0,2,2,2,0,0,1,0,130
PC1 55776910,0,2,2,2,0,0,1,0,130
Sys1 636038,1,1,0,4,1,1,0,0,120
Sys1 83922910,1,1,0,4,1,1,0,0,120
PC1 71853478,1,1,0,4,1,0,0,0,120
Sys1 32353814,1,1,0,4,1,1,0,0,120
PC1 2859031,1,1,0,4,1,0,0,0,120
PC1 65816104,0,2,2,2,0,0,1,0,130
PC1 93423524,1,1,0,4,1,0,0,0,120
Sys1 93142743,1,1,0,4,1,1,0,0,120
Sys1 51717395,1,1,0,4,1,1,0,0,120
PC1 16906151,0,2,2,2,0,0,1,0,130
PC1 57489343,1,1,0,4,1,0,0,0,120
Sys1 58871327,1,1,0,4,1,1,0,0,120
PC1 32378405,1,1,0,4,1,0,0,0,120
Sys1 45937321,1,1,0,4,1,1,0,0,120
Sys1 76446625,1,1,0,4,1,1,0,0,120
Sys1 86646871,1,1,0,4,1,1,0,0,120
Sys1 44321819,1,2,2,1,2,1,1,1,100
Sys1 11544900,1,2,2,1,2,1,1,1,100
Sys1 41315861,1,2,2,1,2,1,1,1,100
Sys1 43951196,1,2,2,1,2,1,1,1,100
PC1 33269228,1,2,2,1,2,0,1,1,100
Sys1 95182434,1,2,2,1,2,1,1,1,100
PC1 81281632,1,1,0,4,1,0,0,0,120
Sys1 359125,1,1,0,4,1,1,0,0,120
PC1 24022258,1,1,0,4,1,0,0,0,120
Sys1 27018437,1,1,0,4,1,1,0,0,120
PC1 92183909,1,1,0,4,1,0,0,0,120
Sys1 2731070,1,1,0,4,1,1,0,0,120
PC1 87508776,1,1,0,4,1,0,0,0,120
PC1 65000308,1,1,0,4,1,0,0,0,120
PC1 28998250,1,1,0,4,1,0,0,0,120
Sys1 38027921,1,1,0,4,1,1,0,0,120
Sys1 37176972,1,1,0,4,1,1,0,0,120
PC1 44261561,1,1,0,4,1,0,0,0,120
PC1 19489013,1,1,0,4,1,0,0,0,120
Sys1 62642919,0,2,2,2,0,1,1,0,130
Sys1 43799486,1,1,0,4,1,1,0,0,120
Sys1 53062048,1,1,0,4,1,1,0,0,120
Sys1 89269227,1,1,0,4,1,1,0,0,120
PC1 58667031,1,1,0,4,1,0,0,0,120
PC1 84688153,1,1,0,4,1,0,0,0,120
Sys1 10064186,0,2,2,2,0,1,1,0,130
Sys1 15729282,1,1,0,4,1,1,0,0,120
PC1 92779206,1,1,0,4,1,0,0,0,120
PC1 91183538,1,1,0,4,1,0,0,0,120
Sys1 73274251,1,1,0,4,1,1,0,0,120
Sys1 1227903,1,1,0,4,1,1,0,0,120
PC1 2509945,1,1,0,4,1,0,0,0,120
PC1 75412758,1,1,0,4,1,0,0,0,120
PC1 3350423,1,1,0,4,1,0,0,0,120
Sys1 55988311,1,1,0,4,1,1,0,0,120
Sys1 94277104,1,1,0,4,1,1,0,0,120
PC1 90111214,1,1,0,4,1,0,0,0,120
Sys1 38649307,0,2,2,2,0,1,1,0,130
PC1 81836593,0,2,2,2,0,0,1,0,130
PC1 67371855,0,2,2,2,0,0,1,0,130
PC1 58335790,0,2,2,2,0,0,1,0,130
PC1 14147727,0,2,2,2,0,0,1,0,130
PC1 71730275,1,1,0,4,1,0,0,0,120
Sys1 42469298,1,1,0,4,1,1,0,0,120
Sys1 64810363,1,1,0,4,1,1,0,0,120
PC1 93599013,1,1,0,4,1,0,0,0,120
PC1 79987188,1,1,0,4,1,0,0,0,120
Sys1 9762822,1,1,0,4,1,1,0,0,120
Sys1 52958324,1,1,0,4,1,1,0,0,120
PC1 37692810,0,2,2,2,0,0,1,0,130
Sys1 50691248,1,2,0,4,2,1,0,0,120
Sys1 12471544,1,1,0,4,1,1,0,0,120
Sys1 11471941,1,1,0,4,1,1,0,0,120
PC1 78948206,1,1,0,4,1,0,0,0,120
Sys1 41628298,1,1,0,4,1,1,0,0,120
PC1 26494468,1,1,0,4,1,0,0,0,120
Sys1 12815706,1,1,0,4,1,1,0,0,120
PC1 32574230,1,1,0,4,1,0,0,0,120
PC1 19713635,1,1,0,4,1,0,0,0,120
PC1 7738775,1,1,0,4,1,0,0,0,120
Sys1 71596049,1,1,0,4,1,1,0,0,120
Sys1 19004017,1,1,0,4,1,1,0,0,120
Sys1 20084073,1,1,0,4,1,1,0,0,120
PC1 1389031,1,1,0,4,1,0,0,0,120
Sys1 68383115,1,1,0,4,1,1,0,0,120
Sys1 13754657,1,1,0,4,1,1,0,0,120
Sys1 63582270,1,1,0,4,1,1,0,0,120
Sys1 53715159,1,1,0,4,1,1,0,0,120
PC1 35644028,1,1,0,4,1,0,0,0,120
PC1 1027711,1,1,0,4,1,0,0,0,120
PC1 23472396,1,1,0,4,1,0,0,0,120
PC1 69938923,1,1,0,4,1,0,0,0,120
PC1 19454640,1,1,0,4,1,0,0,0,120
PC1 46392003,1,1,0,4,1,0,0,0,120
PC1 79917143,1,1,0,4,1,0,0,0,120
PC1 40341848,1,1,0,4,1,0,0,0,120
Sys1 58891659,1,1,0,4,1,1,0,0,120
Sys1 42008359,1,1,0,4,1,1,0,0,120
Sys1 41244790,1,1,0,4,1,1,0,0,120
Sys1 40984163,1,1,0,4,1,1,0,0,120
Sys1 85733734,1,1,0,4,1,1,0,0,120
Sys1 38871384,1,1,0,4,1,1,0,0,120
PC1 90697452,1,1,0,4,1,0,0,0,120
PC1 12172519,1,1,0,4,1,0,0,0,120
Sys1 70024884,1,1,0,4,1,1,0,0,120
PC1 926889,1,1,0,4,1,0,0,0,120
PC1 42221854,1,1,0,4,1,0,0,0,120
PC1 97994558,1,1,0,4,1,0,0,0,120
Sys1 50714340,1,1,0,4,1,1,0,0,120
Sys1 6386770,1,1,0,4,1,1,0,0,120
PC1 29301753,1,1,0,4,1,0,0,0,120
PC1 27435435,1,1,0,4,1,0,0,0,120
Sys1 98899023,1,1,0,4,1,1,0,0,120
Sys1 85358715,1,1,0,4,1,1,0,0,120
PC1 35300192,1,1,0,4,1,0,0,0,120
PC1 32947361,1,1,0,4,1,0,0,0,120
PC1 52381746,1,1,0,4,1,0,0,0,120
Sys1 63992568,1,1,0,4,1,1,0,0,120
PC1 71446313,1,1,0,4,1,0,0,0,120
Sys1 28079749,1,1,0,4,1,1,0,0,120
PC1 93455113,1,1,0,4,1,0,0,0,120
PC1 23664220,1,1,0,4,1,0,0,0,120
PC1 68730932,1,1,0,4,1,0,0,0,120
PC1 59566752,1,1,0,4,1,0,0,0,120
PC1 85705819,1,1,0,4,1,0,0,0,120
Sys1 36993496,1,1,0,4,1,1,0,0,120
PC1 52980592,1,1,0,4,1,0,0,0,120
PC1 28979660,1,1,0,4,1,0,0,0,120
PC1 14904477,1,1,0,4,1,0,0,0,120
Sys1 63889656,1,1,0,4,1,1,0,0,120
Sys1 27479685,1,1,0,4,1,1,0,0,120
Sys1 11219407,1,1,0,4,1,1,0,0,120
Sys1 46072240,1,1,0,4,1,1,0,0,120
Sys1 54083971,1,1,0,4,1,1,0,0,120
PC1 68968480,1,1,0,4,1,0,0,0,120
PC1 87654874,1,1,0,4,1,0,0,0,120
PC1 45909310,1,1,0,4,1,0,0,0,120
Sys1 33855789,1,1,0,4,1,1,0,0,120
Sys1 98243681,1,1,0,4,1,1,0,0,120
Sys1 48785598,1,1,0,4,1,1,0,0,120
PC1 20167811,1,1,0,4,1,0,0,0,120
Sys1 29206244,1,1,0,4,1,1,0,0,120
Sys1 28861266,1,1,0,4,1,1,0,0,120
Sys1 95653762,1,1,0,4,1,1,0,0,120
PC1 57501211,1,1,0,4,1,0,0,0,120
PC1 46065022,1,1,0,4,1,0,0,0,120
PC1 83295845,1,1,0,4,1,0,0,0,120
PC1 21449875,1,1,0,4,1,0,0,0,120
Sys1 10425225,1,2,2,1,2,1,1,1,100
Sys1 88819596,1,1,0,4,1,1,0,0,120
Sys1 24248218,1,1,0,4,1,1,0,0,120
Sys1 8270220,1,1,0,4,1,1,0,0,120
PC1 37442041,1,1,0,4,1,0,0,0,120
PC1 12080909,1,1,0,4,1,0,0,0,120
PC1 55487231,1,1,0,4,1,0,0,0,120
PC1 49062698,1,1,0,4,1,0,0,0,120
Sys1 20359729,1,1,0,4,1,1,0,0,120
Sys1 71407414,1,1,0,4,1,1,0,0,120
Sys1 45039186,1,1,0,4,1,1,0,0,120
Sys1 15964090,1,1,0,4,1,1,0,0,120
PC1 45843825,1,1,0,4,1,0,0,0,120
PC1 71196241,1,1,0,4,1,0,0,0,120
PC1 91561225,1,1,0,4,1,0,0,0,120
PC1 10417687,1,1,0,4,1,0,0,0,120
PC1 81366582,1,1,0,4,1,0,0,0,120
PC1 24193322,1,1,0,4,1,0,0,0,120
PC1 16179269,1,1,0,4,1,0,0,0,120
Sys1 26033774,1,1,0,4,1,1,0,0,120
Sys1 12000852,1,1,0,4,1,1,0,0,120
PC1 71424287,1,1,0,4,1,0,0,0,120
PC1 15841831,1,1,0,4,1,0,0,0,120
Sys1 18043981,1,1,0,4,1,1,0,0,120
PC1 38963571,1,1,0,4,1,0,0,0,120
Sys1 14266305,1,1,0,4,1,1,0,0,120
PC1 6583618,1,1,0,4,1,0,0,0,120
PC1 13433463,1,1,0,4,1,0,0,0,120
PC1 2932899,1,1,0,4,1,0,0,0,120
Sys1 24140588,1,1,0,4,1,1,0,0,120
PC1 69358623,1,1,0,4,1,0,0,0,120
PC1 68826343,1,1,0,4,1,0,0,0,120
PC1 37375825,1,1,0,4,1,0,0,0,120
Sys1 60533836,1,1,0,4,1,1,0,0,120
PC1 2756276,1,1,0,4,1,0,0,0,120
PC1 99476507,1,1,0,4,1,0,0,0,120
PC1 45603223,1,1,0,4,1,0,0,0,120
PC1 58253246,1,1,0,4,1,0,0,0,120
Sys1 49582555,1,1,0,4,1,1,0,0,120
PC1 17634854,1,1,0,4,1,0,0,0,120
PC1 21498877,1,1,0,4,1,0,0,0,120
PC1 40301959,1,1,0,4,1,0,0,0,120
PC1 60805737,1,1,0,4,1,0,0,0,120
PC1 4983861,1,1,0,4,1,0,0,0,120
Sys1 86322748,1,1,0,4,1,1,0,0,120
PC1 29565342,1,1,0,4,1,0,0,0,120
Sys1 53850520,1,1,0,4,1,1,0,0,120
Sys1 95392360,1,1,0,4,1,1,0,0,120
PC1 70889411,1,2,0,0,0,0,1,0,110
PC1 95552246,1,1,0,4,1,0,0,0,120
Sys1 34537221,1,1,0,4,1,1,0,0,120
Sys1 84408656,1,1,0,4,1,1,0,0,120
PC1 40417114,1,1,0,4,1,0,0,0,120
PC1 40242744,1,1,0,4,1,0,0,0,120
PC1 54017124,1,1,0,4,1,0,0,0,120
Sys1 44281037,1,1,0,4,1,1,0,0,120
Sys1 57097072,1,1,0,4,1,1,0,0,120
PC1 95161995,1,1,0,4,1,0,0,0,120
Sys1 62414653,1,1,0,4,1,1,0,0,120
PC1 83232632,1,2,0,0,0,0,1,0,110
Sys1 65402141,1,1,0,4,1,1,0,0,120
Sys1 9223796,1,1,0,4,1,1,0,0,120
PC1 39837682,1,1,0,4,1,0,0,0,120
PC1 96889027,1,1,0,4,1,0,0,0,120
Sys1 95515584,1,1,0,4,1,1,0,0,120
PC1 30671653,1,1,0,4,1,0,0,0,120
Sys1 83361639,1,1,0,4,1,1,0,0,120
PC1 69151267,1,1,0,4,1,0,0,0,120
PC1 32863836,1,1,0,4,1,0,0,0,120
Sys1 76338734,1,1,0,4,1,1,0,0,120
Sys1 2480759,1,1,0,4,1,1,0,0,120
PC1 21032576,1,1,0,4,1,0,0,0,120
PC1 26832499,1,1,0,4,1,0,0,0,120
PC1 52398979,1,1,0,4,1,0,0,0,120
Sys1 82534582,1,1,0,4,1,1,0,0,120
Sys1 12397571,1,1,0,4,1,1,0,0,120
Sys1 85612001,1,1,0,4,1,1,0,0,120
PC1 48773243,1,1,0,4,1,0,0,0,120
Sys1 39152759,1,1,0,4,1,1,0,0,120
PC1 35375038,1,1,0,4,1,0,0,0,120
Sys1 77451414,1,1,0,4,1,1,0,0,120
Sys1 8769424,1,1,0,4,1,1,0,0,120
Sys1 8508237,1,1,0,4,1,1,0,0,120
PC1 30961898,1,1,0,4,1,0,0,0,120
Sys1 94619765,1,1,0,4,1,1,0,0,120
Sys1 65775482,1,1,0,4,1,1,0,0,120
Sys1 85048729,1,1,0,4,1,1,0,0,120
Sys1 52861262,1,1,0,4,1,1,0,0,120
PC1 52583948,1,1,0,4,1,0,0,0,120
PC1 97626173,1,1,0,4,1,0,0,0,120
PC1 67447532,1,1,0,4,1,0,0,0,120
PC1 6394009,1,1,0,4,1,0,0,0,120
Sys1 6103932,1,1,0,4,1,1,0,0,120
Sys1 81878099,1,1,0,4,1,1,0,0,120
Sys1 52885522,1,1,0,4,1,1,0,0,120
Sys1 79729141,1,1,0,4,1,1,0,0,120
Sys1 22068440,1,1,0,4,1,1,0,0,120
PC1 99650699,1,1,0,4,1,0,0,0,120
PC1 31949128,1,1,0,4,1,0,0,0,120
PC1 71291202,1,1,0,4,1,0,0,0,120
Sys1 24723932,1,1,0,4,1,1,0,0,120
PC1 54092591,1,1,0,4,1,0,0,0,120
PC1 34430669,1,1,0,4,1,0,0,0,120
Sys1 85459382,1,1,0,4,1,1,0,0,120
Sys1 51859545,1,1,0,4,1,1,0,0,120
PC1 4728420,1,1,0,4,1,0,0,0,120
PC1 73802478,1,1,0,4,1,0,0,0,120
PC1 32493956,1,1,0,4,1,0,0,0,120
Sys1 87092326,1,1,0,4,1,1,0,0,120
Sys1 676998,1,1,0,4,1,1,0,0,120
PC1 87157943,1,1,0,4,1,0,0,0,120
Sys1 11730195,1,1,0,4,1,1,0,0,120
Sys1 65606905,1,1,0,4,1,1,0,0,120
Sys1 91613821,1,1,0,4,1,1,0,0,120
Sys1 51170230,1,1,0,4,1,1,0,0,120
Sys1 78727452,1,1,0,4,1,1,0,0,120
Sys1 88324863,1,1,0,4,1,1,0,0,120
Sys1 66036930,1,1,0,4,1,1,0,0,120
PC1 21398030,1,1,0,4,1,0,0,0,120
PC1 38386306,1,1,0,4,1,0,0,0,120
Sys1 63656077,1,1,0,4,1,1,0,0,120
PC1 90420835,1,1,0,4,1,0,0,0,120
PC1 57526492,1,1,0,4,1,0,0,0,120
PC1 45061638,1,1,0,4,1,0,0,0,120
Sys1 74186772,1,1,0,4,1,1,0,0,120
Sys1 36364373,1,1,0,4,1,1,0,0,120
PC1 9213835,1,1,0,4,1,0,0,0,120
Sys1 68551958,1,1,0,4,1,1,0,0,120
Sys1 25665043,1,1,0,4,1,1,0,0,120
Sys1 98684868,1,1,0,4,1,1,0,0,120
PC1 47650238,1,1,0,4,1,0,0,0,120
Sys1 69991873,1,1,0,4,1,1,0,0,120
Sys1 27805563,1,1,0,4,1,1,0,0,120
PC1 63112492,1,1,0,4,1,0,0,0,120
Sys1 49245354,1,1,0,4,1,1,0,0,120
Sys1 38080743,1,1,0,4,1,1,0,0,120
Sys1 79027881,1,1,0,4,1,1,0,0,120
PC1 73264330,1,1,0,4,1,0,0,0,120
Sys1 84105649,1,1,0,4,1,1,0,0,120
Sys1 63762439,1,1,0,4,1,1,0,0,120
PC1 47806219,1,1,0,4,1,0,0,0,120
PC1 25497500,1,1,0,4,1,0,0,0,120
PC1 58936085,1,1,0,4,1,0,0,0,120
PC1 67443322,1,1,0,4,1,0,0,0,120
Sys1 65461266,1,1,0,4,1,1,0,0,120
Sys1 42763592,1,1,0,4,1,1,0,0,120
PC1 49598566,1,1,0,4,1,0,0,0,120
PC1 5822821,1,1,0,4,1,0,0,0,120
PC1 51930440,1,1,0,4,1,0,0,0,120
PC1 57156545,1,1,0,4,1,0,0,0,120
PC1 70829161,1,1,0,4,1,0,0,0,120
Sys1 17894254,1,1,0,4,1,1,0,0,120
PC1 46574881,1,1,0,4,1,0,0,0,120
PC1 89853842,1,1,0,4,1,0,0,0,120
PC1 89720708,1,1,0,4,1,0,0,0,120
PC1 88087668,1,1,0,4,1,0,0,0,120
PC1 22883335,1,1,0,4,1,0,0,0,120
Sys1 54169274,1,1,0,4,1,1,0,0,120
Sys1 92774962,1,1,0,4,1,1,0,0,120
Sys1 76989331,1,1,0,4,1,1,0,0,120
PC1 53824340,1,1,0,4,1,0,0,0,120
PC1 41737205,1,1,0,4,1,0,0,0,120
Sys1 65261250,1,1,0,4,1,1,0,0,120
Sys1 22944930,1,1,0,4,1,1,0,0,120
Sys1 2821295,1,1,0,4,1,1,0,0,120
PC1 86626344,1,1,0,4,1,0,0,0,120
PC1 79138157,1,1,0,4,1,0,0,0,120
PC1 99919906,1,1,0,4,1,0,0,0,120
Sys1 25394506,1,2,0,4,2,1,0,0,120
PC1 29348201,1,1,0,4,1,0,0,0,120
Sys1 58341292,1,1,0,4,1,1,0,0,120
PC1 60656241,1,1,0,4,1,0,0,0,120
PC1 4411325,1,1,0,4,1,0,0,0,120
Sys1 69577081,1,1,0,4,1,1,0,0,120
PC1 88206128,1,1,0,4,1,0,0,0,120
Sys1 63654926,1,1,0,4,1,1,0,0,120
Sys1 70086962,1,1,0,4,1,1,0,0,120
Sys1 21764301,1,1,0,4,1,1,0,0,120
Sys1 65995970,1,1,0,4,1,1,0,0,120
PC1 23512789,1,1,0,4,1,0,0,0,120
Sys1 20691001,1,1,0,4,1,1,0,0,120
Sys1 50857512,1,1,0,4,1,1,0,0,120
Sys1 94655044,1,1,0,4,1,1,0,0,120
Sys1 43924257,1,1,0,4,1,1,0,0,120
PC1 9094628,1,1,0,4,1,0,0,0,120
PC1 87908519,1,1,0,4,1,0,0,0,120
Sys1 80157068,1,1,0,4,1,1,0,0,120
Sys1 26117085,1,1,0,4,1,1,0,0,120
Sys1 5152344,1,1,0,4,1,1,0,0,120
Sys1 96039476,1,1,0,4,1,1,0,0,120
Sys1 99015687,1,1,0,4,1,1,0,0,120
PC1 22246009,1,1,0,4,1,0,0,0,120
Sys1 55998310,1,1,0,4,1,1,0,0,120
Sys1 77940111,1,1,0,4,1,1,0,0,120
PC1 82928750,1,1,0,4,1,0,0,0,120
Sys1 86215444,1,1,0,4,1,1,0,0,120
Sys1 99294772,1,1,0,4,1,1,0,0,120
PC1 11933190,1,1,0,4,1,0,0,0,120
PC1 61443572,1,1,0,4,1,0,0,0,120
PC1 31883688,1,1,0,4,1,0,0,0,120
PC1 12666999,1,1,0,4,1,0,0,0,120
PC1 63948318,1,1,0,4,1,0,0,0,120
PC1 67224279,1,1,0,4,1,0,0,0,120
PC1 5022487,1,1,0,4,1,0,0,0,120
PC1 28484399,1,1,0,4,1,0,0,0,120
PC1 91965414,1,1,0,4,1,0,0,0,120
PC1 96869121,1,1,0,4,1,0,0,0,120
PC1 93558074,1,1,0,4,1,0,0,0,120
PC1 55172886,1,1,0,4,1,0,0,0,120
PC1 85165402,1,1,0,4,1,0,0,0,120
PC1 56785586,1,1,0,4,1,0,0,0,120
Sys1 32728062,1,1,0,4,1,1,0,0,120
Sys1 975780,1,1,0,4,1,1,0,0,120
Sys1 21125934,1,1,0,4,1,1,0,0,120
Sys1 96877849,1,1,0,4,1,1,0,0,120
PC1 13983354,1,1,0,4,1,0,0,0,120
PC1 928087,1,1,0,4,1,0,0,0,120
PC1 38269844,1,1,0,4,1,0,0,0,120
PC1 12612829,1,1,0,4,1,0,0,0,120
Sys1 11757010,1,1,0,4,1,1,0,0,120
Sys1 29131287,1,1,0,4,1,1,0,0,120
Sys1 76569718,1,1,0,4,1,1,0,0,120
Sys1 3081359,1,1,0,4,1,1,0,0,120
PC1 45849214,1,1,0,4,1,0,0,0,120
PC1 74935917,1,2,0,0,0,0,1,0,110
Sys1 62956776,1,1,0,4,1,1,0,0,120
Sys1 16315956,1,1,0,4,1,1,0,0,120
Sys1 77166738,1,1,0,4,1,1,0,0,120
PC1 90978205,1,1,0,4,1,0,0,0,120
PC1 92426125,1,1,0,4,1,0,0,0,120
Sys1 21983414,1,1,0,4,1,1,0,0,120
PC1 76547804,1,1,0,4,1,0,0,0,120
PC1 37552541,1,1,0,4,1,0,0,0,120
Sys1 69840232,1,1,0,4,1,1,0,0,120
Sys1 8123374,1,1,0,4,1,1,0,0,120
PC1 83890280,1,1,0,4,1,0,0,0,120
Sys1 95030941,1,2,2,1,2,1,1,1,100
Sys1 58319316,1,2,2,1,2,1,1,1,100
Sys1 87271556,1,1,0,4,1,1,0,0,120
PC1 33761036,1,1,0,4,1,0,0,0,120
PC1 79668374,1,2,2,1,2,0,1,1,100
PC1 94334216,1,2,0,0,0,0,1,0,110
PC1 95829773,1,1,0,4,1,0,0,0,120
Sys1 22473925,1,2,2,1,2,1,1,1,100
Sys1 43944124,1,1,0,4,1,1,0,0,120
PC1 16744700,1,1,0,4,1,0,0,0,120
PC1 73636899,1,1,0,4,1,0,0,0,120
PC1 98155415,1,1,0,4,1,0,0,0,120
Sys1 23244970,1,1,0,4,1,1,0,0,120
PC1 79752816,1,1,0,4,1,0,0,0,120
PC1 77362501,1,1,0,4,1,0,0,0,120
Sys1 66595610,1,1,0,4,1,1,0,0,120
PC1 13722305,1,1,0,4,1,0,0,0,120
PC1 25572080,1,1,0,4,1,0,0,0,120
PC1 85678923,0,2,2,2,0,0,1,0,130
PC1 53545890,1,1,0,4,1,0,0,0,120
Sys1 20451403,1,1,0,4,1,1,0,0,120
PC1 70275057,1,1,0,4,1,0,0,0,120
PC1 56182394,1,1,0,4,1,0,0,0,120
PC1 76726294,1,1,0,4,1,0,0,0,120
Sys1 4944101,1,1,0,4,1,1,0,0,120
Sys1 50957758,1,1,0,4,1,1,0,0,120
PC1 41269504,1,1,0,4,1,0,0,0,120
PC1 50132769,1,1,0,4,1,0,0,0,120
PC1 7978758,1,1,0,4,1,0,0,0,120
Sys1 58434288,1,1,0,4,1,1,0,0,120
Sys1 31259080,1,1,0,4,1,1,0,0,120
Sys1 24157968,1,1,0,4,1,1,0,0,120
PC1 67068423,1,1,0,4,1,0,0,0,120
Sys1 49414852,1,1,0,4,1,1,0,0,120
Sys1 57857279,1,1,0,4,1,1,0,0,120
Sys1 41682253,1,1,0,4,1,1,0,0,120
Sys1 29742578,1,1,0,4,1,1,0,0,120
Sys1 81793272,1,1,0,4,1,1,0,0,120
PC1 68186583,1,1,0,4,1,0,0,0,120
PC1 87637090,1,1,0,4,1,0,0,0,120
PC1 14474125,1,1,0,4,1,0,0,0,120
PC1 73118716,1,1,0,4,1,0,0,0,120
PC1 94067831,1,1,0,4,1,0,0,0,120
PC1 77508328,1,1,0,4,1,0,0,0,120
Sys1 93527665,1,1,0,4,1,1,0,0,120
Sys1 39445552,1,1,0,4,1,1,0,0,120
PC1 97695207,1,1,0,4,1,0,0,0,120
PC1 98761758,1,1,0,4,1,0,0,0,120
PC1 44504983,1,1,0,4,1,0,0,0,120
PC1 80882461,1,1,0,4,1,0,0,0,120
PC1 50608777,1,1,0,4,1,0,0,0,120
PC1 32934085,1,1,0,4,1,0,0,0,120
Sys1 23958221,1,1,0,4,1,1,0,0,120
Sys1 29547139,1,1,0,4,1,1,0,0,120
PC1 30999818,1,1,0,4,1,0,0,0,120
PC1 90734525,1,1,0,4,1,0,0,0,120
PC1 93046230,1,1,0,4,1,0,0,0,120
PC1 63727331,1,1,0,4,1,0,0,0,120
PC1 62889382,1,1,0,4,1,0,0,0,120
PC1 19877160,1,1,0,4,1,0,0,0,120
Sys1 91285868,1,1,0,4,1,1,0,0,120
PC1 86220816,1,1,0,4,1,0,0,0,120
Sys1 64848393,1,1,0,4,1,1,0,0,120
PC1 2262401,1,1,0,4,1,0,0,0,120
PC1 99561194,1,1,0,4,1,0,0,0,120
PC1 60102309,1,1,0,4,1,0,0,0,120
PC1 59961379,1,1,0,4,1,0,0,0,120
Sys1 93749095,1,1,0,4,1,1,0,0,120
Sys1 46065457,1,1,0,4,1,1,0,0,120
PC1 39754245,1,1,0,4,1,0,0,0,120
Sys1 43825395,1,1,0,4,1,1,0,0,120
Sys1 30706261,1,1,0,4,1,1,0,0,120
PC1 77097882,1,1,0,4,1,0,0,0,120
Sys1 30232734,1,1,0,4,1,1,0,0,120
Sys1 31750006,1,1,0,4,1,1,0,0,120
PC1 25877307,1,1,0,4,1,0,0,0,120
PC1 72268294,1,2,2,1,2,0,1,1,100
PC1 37955669,1,2,2,1,2,0,1,1,100
PC1 63246887,1,2,2,1,2,0,1,1,100
Sys1 76201589,1,2,2,1,2,1,1,1,100
Sys1 12092001,1,2,2,1,2,1,1,1,100
Sys1 49941795,1,2,2,1,2,1,1,1,100
PC1 597902,1,2,2,1,2,0,1,1,100
Sys1 68219960,1,2,2,1,2,1,1,1,100
PC1 90756076,1,2,2,1,2,0,1,1,100
PC1 57635102,1,2,2,1,2,0,1,1,100
PC1 7007663,1,2,2,1,2,0,1,1,100
PC1 36689305,1,2,2,1,2,0,1,1,100
PC1 35342279,1,2,2,1,2,0,1,1,100
Sys1 50213436,1,2,2,1,2,1,1,1,100
PC1 79776224,1,2,2,1,2,0,1,1,100
Sys1 2269313,1,2,2,1,2,1,1,1,100
Sys1 42051029,1,2,2,1,2,1,1,1,100
Sys1 20334218,1,2,2,1,2,1,1,1,100
PC1 91933072,1,2,2,1,2,0,1,1,100
PC1 45108652,1,2,2,1,2,0,1,1,100
PC1 6370808,1,2,2,1,2,0,1,1,100
PC1 97432899,1,2,2,1,2,0,1,1,100
Sys1 18765179,1,2,2,1,2,1,1,1,100
Sys1 65698063,1,2,2,1,2,1,1,1,100
Sys1 68290918,1,2,2,1,2,1,1,1,100
Sys1 13082330,1,2,2,1,2,1,1,1,100
Sys1 47617588,1,2,2,1,2,1,1,1,100
PC1 76850206,1,2,2,1,2,0,1,1,100
PC1 62331769,1,2,2,1,2,0,1,1,100
PC1 3199289,0,2,2,2,0,0,1,0,130
PC1 19509147,0,2,2,2,0,0,1,0,130
Sys1 9621212,1,2,2,1,2,1,1,1,100
PC1 30523460,1,2,2,1,2,0,1,1,100
PC1 68633922,0,2,2,2,0,0,1,0,130
PC1 70965133,0,2,2,2,0,0,1,0,130
PC1 12615781,0,2,2,2,0,0,1,0,130
PC1 76890576,1,2,2,1,2,0,1,1,100
Sys1 91092162,1,2,2,1,2,1,1,1,100
Sys1 94930445,1,2,2,1,2,1,1,1,100
PC1 36436586,1,2,2,1,2,0,1,1,100
Sys1 80115802,1,2,2,1,2,1,1,1,100
PC1 81404124,1,2,2,1,2,0,1,1,100
PC1 39920655,1,2,2,1,2,0,1,1,100
PC1 88729709,1,2,2,1,2,0,1,1,100
PC1 2515261,1,2,2,1,2,0,1,1,100
Sys1 63392738,1,2,2,1,2,1,1,1,100
Sys1 11465823,1,2,2,1,2,1,1,1,100
Sys1 54696904,1,2,2,1,2,1,1,1,100
Sys1 58538625,1,2,2,1,2,1,1,1,100
PC1 83267809,1,2,2,1,2,0,1,1,100
PC1 96500168,1,2,2,1,2,0,1,1,100
PC1 55007352,1,2,2,1,2,0,1,1,100
PC1 38926705,1,2,2,1,2,0,1,1,100
PC1 29653258,1,2,2,1,2,0,1,1,100
Sys1 2679381,1,2,2,1,2,1,1,1,100
PC1 58446157,1,2,2,1,2,0,1,1,100
PC1 41895242,1,2,2,1,2,0,1,1,100
Sys1 88159026,1,2,2,1,2,1,1,1,100
PC1 6039458,1,2,2,1,2,0,1,1,100
Sys1 25662661,1,2,2,1,2,1,1,1,100
PC1 49771470,1,2,2,1,2,0,1,1,100
Sys1 22117943,1,2,2,1,2,1,1,1,100
Sys1 77596188,1,2,2,1,2,1,1,1,100
Sys1 66185571,1,2,2,1,2,1,1,1,100
Sys1 39608517,1,2,2,1,2,1,1,1,100
PC1 29485708,1,2,2,1,2,0,1,1,100
PC1 3242353,1,2,2,1,2,0,1,1,100
PC1 2149686,1,2,2,1,2,0,1,1,100
PC1 25852738,1,2,2,1,2,0,1,1,100
PC1 2639271,1,2,2,1,2,0,1,1,100
PC1 23546207,1,2,2,1,2,0,1,1,100
PC1 69936103,1,2,2,1,2,0,1,1,100
Sys1 25742654,0,2,2,2,0,1,1,0,130
Sys1 36046448,0,2,2,2,0,1,1,0,130
PC1 60848629,1,2,2,1,2,0,1,1,100
Sys1 23791565,1,2,2,1,2,1,1,1,100
PC1 31065879,1,2,2,1,2,0,1,1,100
Sys1 46405132,1,2,2,1,2,1,1,1,100
PC1 75853617,1,2,2,1,2,0,1,1,100
PC1 91262720,1,2,2,1,2,0,1,1,100
Sys1 81103198,1,2,2,1,2,1,1,1,100
PC1 89820877,1,2,2,1,2,0,1,1,100
Sys1 44931463,1,2,2,1,2,1,1,1,100
PC1 2576074,1,2,2,1,2,0,1,1,100
PC1 67984089,1,2,2,1,2,0,1,1,100
PC1 99948760,1,2,2,1,2,0,1,1,100
Sys1 4345358,1,2,2,1,2,1,1,1,100
Sys1 8015181,1,2,2,1,2,1,1,1,100
PC1 53108556,1,2,2,1,2,0,1,1,100
Sys1 89997462,1,2,2,1,2,1,1,1,100
Sys1 84756728,1,2,2,1,2,1,1,1,100
Sys1 83741765,1,2,2,1,2,1,1,1,100
PC1 25227577,1,2,2,1,2,0,1,1,100
Sys1 40191602,1,2,2,1,2,1,1,1,100
PC1 86944008,1,2,2,1,2,0,1,1,100
PC1 10410743,1,2,2,1,2,0,1,1,100
Sys1 67093751,1,2,2,1,2,1,1,1,100
PC1 74805758,1,2,2,1,2,0,1,1,100
PC1 17195674,1,2,2,1,2,0,1,1,100
PC1 90586873,1,2,2,1,2,0,1,1,100
Sys1 30002232,1,2,2,1,2,1,1,1,100
PC1 90962026,1,2,2,1,2,0,1,1,100
Sys1 91211023,1,2,2,1,2,1,1,1,100
Sys1 46848221,1,2,2,1,2,1,1,1,100
PC1 10834366,1,2,2,1,2,0,1,1,100
PC1 55468086,1,2,2,1,2,0,1,1,100
Sys1 96834162,1,2,2,1,2,1,1,1,100
PC1 25237054,1,2,2,1,2,0,1,1,100
PC1 7572434,1,2,2,1,2,0,1,1,100
PC1 76085821,1,2,2,1,2,0,1,1,100
PC1 94887046,1,2,2,1,2,0,1,1,100
PC1 58843363,1,2,2,1,2,0,1,1,100
Sys1 65926247,1,2,2,1,2,1,1,1,100
PC1 16304608,1,2,2,1,2,0,1,1,100
Sys1 513739,1,2,2,1,2,1,1,1,100
Sys1 27862623,1,2,2,1,2,1,1,1,100
Sys1 41957885,1,2,2,1,2,1,1,1,100
Sys1 46096629,1,2,2,1,2,1,1,1,100
Sys1 22017130,1,2,2,1,2,1,1,1,100
Sys1 99934723,1,2,2,1,2,1,1,1,100
Sys1 70788952,1,2,2,1,2,1,1,1,100
Sys1 91069317,1,2,2,1,2,1,1,1,100
Sys1 54400855,1,2,2,1,2,1,1,1,100
Sys1 6556311,1,2,2,1,2,1,1,1,100
Sys1 17423988,1,2,0,0,0,1,1,0,110
PC1 41423333,1,2,0,0,0,0,1,0,110
Sys1 91902059,1,2,2,1,2,1,1,1,100
Sys1 95415580,1,2,2,1,2,1,1,1,100
PC1 63423094,1,2,2,1,2,0,1,1,100
Sys1 12273126,1,2,2,1,2,1,1,1,100
Sys1 79336028,1,2,2,1,2,1,1,1,100
Sys1 61603135,1,2,2,1,2,1,1,1,100
Sys1 32076673,1,2,2,1,2,1,1,1,100
Sys1 16486696,1,2,2,1,2,1,1,1,100
Sys1 62041363,1,2,2,1,2,1,1,1,100
PC1 87510081,1,2,2,1,2,0,1,1,100
Sys1 32121319,1,2,2,1,2,1,1,1,100
Sys1 21867501,1,2,2,1,2,1,1,1,100
PC1 85340792,1,2,2,1,2,0,1,1,100
PC1 92313536,1,2,2,1,2,0,1,1,100
PC1 98898153,1,2,2,1,2,0,1,1,100
PC1 42505768,1,2,2,1,2,0,1,1,100
Sys1 94764413,1,2,2,1,2,1,1,1,100
Sys1 65634989,1,2,2,1,2,1,1,1,100
PC1 61894361,1,2,2,1,2,0,1,1,100
PC1 42851146,1,2,2,1,2,0,1,1,100
PC1 21104577,1,2,2,1,2,0,1,1,100
PC1 77034593,1,2,2,1,2,0,1,1,100
Sys1 68430504,1,2,2,1,2,1,1,1,100
Sys1 91785373,1,2,2,1,2,1,1,1,100
Sys1 41829457,1,2,2,1,2,1,1,1,100
PC1 92724475,1,2,2,1,2,0,1,1,100
Sys1 28307221,1,2,2,1,2,1,1,1,100
Sys1 93471439,1,2,2,1,2,1,1,1,100
Sys1 29586596,1,2,2,1,2,1,1,1,100
Sys1 5404431,1,2,2,1,2,1,1,1,100
PC1 45884616,1,2,2,1,2,0,1,1,100
Sys1 34885305,1,2,2,1,2,1,1,1,100
PC1 17288406,1,2,2,1,2,0,1,1,100
PC1 86564715,1,2,2,1,2,0,1,1,100
PC1 21139901,1,2,2,1,2,0,1,1,100
Sys1 47816209,1,2,2,1,2,1,1,1,100
Sys1 66095187,1,2,2,1,2,1,1,1,100
PC1 19644833,1,2,2,1,2,0,1,1,100
PC1 52511626,1,2,2,1,2,0,1,1,100
PC1 82653250,1,2,2,1,2,0,1,1,100
Sys1 39056507,1,2,2,1,2,1,1,1,100
PC1 64755473,1,2,0,0,0,0,1,0,110
PC1 26459354,1,2,2,1,2,0,1,1,100
Sys1 52846210,1,2,2,1,2,1,1,1,100
PC1 7073572,1,2,2,1,2,0,1,1,100
PC1 28299384,1,2,2,1,2,0,1,1,100
PC1 23094807,1,2,2,1,2,0,1,1,100
Sys1 41777227,1,2,2,1,2,1,1,1,100
Sys1 74026589,1,2,2,1,2,1,1,1,100
PC1 92742360,1,2,2,1,2,0,1,1,100
PC1 96950484,1,2,2,1,2,0,1,1,100
Sys1 92474599,1,2,2,1,2,1,1,1,100
Sys1 11342084,1,2,2,1,2,1,1,1,100
Sys1 66307125,1,2,2,1,2,1,1,1,100
Sys1 74108569,1,2,2,1,2,1,1,1,100
PC1 31553832,1,2,2,1,2,0,1,1,100
PC1 981927,1,2,2,1,2,0,1,1,100
PC1 60774104,1,2,2,1,2,0,1,1,100
PC1 52246563,1,2,2,1,2,0,1,1,100
Sys1 90350679,1,2,2,1,2,1,1,1,100
Sys1 40122388,1,2,2,1,2,1,1,1,100
Sys1 81486823,1,2,2,1,2,1,1,1,100
Sys1 25048462,1,2,2,1,2,1,1,1,100
Sys1 10372370,1,2,2,1,2,1,1,1,100
Sys1 71222522,1,2,2,1,2,1,1,1,100
PC1 40044777,1,2,2,1,2,0,1,1,100
PC1 84813763,1,2,2,1,2,0,1,1,100
Sys1 58276737,1,2,2,1,2,1,1,1,100
Sys1 68732182,1,2,0,0,0,1,1,0,110
Sys1 67005363,1,2,2,1,2,1,1,1,100
PC1 67844561,1,2,2,1,2,0,1,1,100
PC1 21363259,1,2,2,1,2,0,1,1,100
PC1 44832127,1,2,2,1,2,0,1,1,100
PC1 58531369,1,2,2,1,2,0,1,1,100
Sys1 25660808,1,2,2,1,2,1,1,1,100
Sys1 16923157,1,2,2,1,2,1,1,1,100
Sys1 22989014,1,2,2,1,2,1,1,1,100
PC1 83182058,1,2,2,1,2,0,1,1,100
PC1 60560563,1,2,2,1,2,0,1,1,100
PC1 41880778,0,2,2,2,0,0,1,0,130
Sys1 16507164,0,2,2,2,0,1,1,0,130
Sys1 99645162,1,2,2,1,2,1,1,1,100
Sys1 48326129,1,2,2,1,2,1,1,1,100
Sys1 44453204,1,2,2,1,2,1,1,1,100
Sys1 56422711,1,2,2,1,2,1,1,1,100
PC1 62392319,1,2,2,1,2,0,1,1,100
Sys1 83385020,1,2,2,1,2,1,1,1,100
PC1 65509532,0,2,2,2,0,0,1,0,130
PC1 42580672,1,2,2,1,2,0,1,1,100
Sys1 80019174,1,2,2,1,2,1,1,1,100
Sys1 480761,1,2,0,0,0,1,1,0,110
PC1 84267941,1,2,0,0,0,0,1,0,110
PC1 59428106,1,2,0,0,0,0,1,0,110
PC1 28112224,0,2,2,2,0,0,1,0,130
Sys1 70102557,1,2,2,1,2,1,1,1,100
PC1 69562129,1,2,2,1,2,0,1,1,100
PC1 11067291,1,2,2,1,2,0,1,1,100
PC1 39658492,1,2,2,1,2,0,1,1,100
PC1 69474297,1,2,2,1,2,0,1,1,100
PC1 54261040,1,2,2,1,2,0,1,1,100
Sys1 51815947,0,2,2,2,0,1,1,0,130
PC1 31895458,1,2,2,1,2,0,1,1,100
Sys1 82499773,1,2,2,1,2,1,1,1,100
Sys1 47114494,1,2,2,1,2,1,1,1,100
Sys1 22961927,1,2,2,1,2,1,1,1,100
Sys1 88674919,1,2,2,1,2,1,1,1,100
PC1 66751367,1,2,2,1,2,0,1,1,100
Sys1 91598014,1,2,2,1,2,1,1,1,100
Sys1 66632787,1,2,2,1,2,1,1,1,100
Sys1 45865333,1,2,0,0,0,1,1,0,110
Sys1 40636090,1,2,2,1,2,1,1,1,100
Sys1 86029903,1,2,2,1,2,1,1,1,100
PC1 84804678,1,2,2,1,2,0,1,1,100
Sys1 37027931,1,2,2,1,2,1,1,1,100
PC1 60380723,1,2,2,1,2,0,1,1,100
PC1 1469848,1,2,2,1,2,0,1,1,100
PC1 38936213,1,2,2,1,2,0,1,1,100
Sys1 9611072,1,2,2,1,2,1,1,1,100
Sys1 81193222,1,2,2,1,2,1,1,1,100
Sys1 36673434,1,2,2,1,2,1,1,1,100
PC1 39732425,1,2,2,1,2,0,1,1,100
PC1 41214002,1,2,2,1,2,0,1,1,100
Sys1 86443336,1,2,2,1,2,1,1,1,100
Sys1 28945121,1,2,0,0,0,1,1,0,110
PC1 52818696,1,2,2,1,2,0,1,1,100
Sys1 6065293,1,2,2,1,2,1,1,1,100
Sys1 2626804,1,2,2,1,2,1,1,1,100
Sys1 63862927,1,2,2,1,2,1,1,1,100
Sys1 87433475,1,2,2,1,2,1,1,1,100
PC1 85477365,1,2,2,1,2,0,1,1,100
PC1 41762503,1,2,2,1,2,0,1,1,100
PC1 62981455,1,2,2,1,2,0,1,1,100
PC1 52389608,1,2,2,1,2,0,1,1,100
PC1 22078846,1,2,2,1,2,0,1,1,100
PC1 70771015,1,2,2,1,2,0,1,1,100
PC1 66306700,1,2,2,1,2,0,1,1,100
PC1 66985191,1,2,2,1,2,0,1,1,100
Sys1 40435197,1,2,2,1,2,1,1,1,100
Sys1 65141676,1,2,0,0,0,1,1,0,110
PC1 4096877,1,2,2,1,2,0,1,1,100
PC1 5389652,1,2,2,1,2,0,1,1,100
PC1 78377830,1,2,2,1,2,0,1,1,100
Sys1 46813455,1,2,2,1,2,1,1,1,100
Sys1 16271527,1,2,2,1,2,1,1,1,100
Sys1 91193891,1,2,2,1,2,1,1,1,100
PC1 11957215,1,2,0,0,0,0,1,0,110
Sys1 91455556,1,2,2,1,2,1,1,1,100
Sys1 68883093,1,2,2,1,2,1,1,1,100
Sys1 7544903,1,2,2,1,2,1,1,1,100
PC1 46146701,1,2,2,1,2,0,1,1,100
PC1 94654245,1,2,2,1,2,0,1,1,100
Sys1 48199091,1,2,2,1,2,1,1,1,100
PC1 30557925,1,2,2,1,2,0,1,1,100
PC1 13758398,1,2,2,1,2,0,1,1,100
PC1 88365631,0,2,2,2,0,0,1,0,130
Sys1 74847739,0,2,2,2,0,1,1,0,130
PC1 72899910,0,2,2,2,0,0,1,0,130
PC1 36381312,0,2,2,2,0,0,1,0,130
PC1 23706253,0,2,2,2,0,0,1,0,130
PC1 55473341,0,2,2,2,0,0,1,0,130
Sys1 26286265,0,2,2,2,0,1,1,0,130
Sys1 87378572,0,2,2,2,0,1,1,0,130
PC1 95387652,0,2,2,2,0,0,1,0,130
Sys1 63508592,1,2,0,0,0,1,1,0,110
PC1 40440398,1,2,0,0,0,0,1,0,110
Sys1 83702074,1,2,0,0,0,1,1,0,110
Sys1 88016772,1,2,0,0,0,1,1,0,110
Sys1 91487382,1,2,0,0,0,1,1,0,110
PC1 5046202,1,2,0,0,0,0,1,0,110
PC1 22846996,1,2,0,0,0,0,1,0,110
PC1 99136053,1,2,0,0,0,0,1,0,110
Sys1 90333211,1,2,0,0,0,1,1,0,110
PC1 40078026,1,2,0,0,0,0,1,0,110
Sys1 71403686,1,2,0,0,0,1,1,0,110
Sys1 88814014,1,2,0,0,0,1,1,0,110
Sys1 78661053,1,2,0,0,0,1,1,0,110
Sys1 86140666,1,2,0,0,0,1,1,0,110
Sys1 62159349,1,2,0,0,0,1,1,0,110
PC1 98839202,1,2,0,0,0,0,1,0,110
Sys1 46014979,1,2,0,0,0,1,1,0,110
PC1 28862305,1,2,0,0,0,0,1,0,110
Sys1 98577205,1,2,0,0,0,1,1,0,110
PC1 70636,1,2,0,0,0,0,1,0,110
PC1 72738930,1,2,0,0,0,0,1,0,110
PC1 37667791,1,2,0,0,0,0,1,0,110
Sys1 43662414,1,2,0,0,0,1,1,0,110
PC1 91216213,1,2,0,0,0,0,1,0,110
Sys1 54878775,1,2,0,0,0,1,1,0,110
PC1 67334225,1,2,0,0,0,0,1,0,110
PC1 64487731,1,2,0,0,0,0,1,0,110
PC1 3268653,1,2,0,0,0,0,1,0,110
Sys1 24230861,1,2,0,0,0,1,1,0,110
PC1 67529225,1,2,0,0,0,0,1,0,110
Sys1 28454917,1,2,0,0,0,1,1,0,110
PC1 24195129,1,2,0,0,0,0,1,0,110
Sys1 99479399,1,2,0,0,0,1,1,0,110
PC1 65843082,1,2,0,0,0,0,1,0,110
PC1 69619171,1,2,0,0,0,0,1,0,110
Sys1 78794524,1,2,0,0,0,1,1,0,110
Sys1 48399603,1,2,0,0,0,1,1,0,110
Sys1 38074720,1,2,0,0,0,1,1,0,110
PC1 96188196,1,2,0,0,0,0,1,0,110
PC1 76851830,1,2,0,0,0,0,1,0,110
PC1 32386218,1,2,0,0,0,0,1,0,110
Sys1 48056324,1,2,0,0,0,1,1,0,110
PC1 75808764,1,2,0,0,0,0,1,0,110
PC1 73688336,1,2,0,0,0,0,1,0,110
PC1 58094642,1,2,0,0,0,0,1,0,110
Sys1 87731341,1,2,0,0,0,1,1,0,110
Sys1 44964538,1,2,0,0,0,1,1,0,110
Sys1 78200433,1,2,0,0,0,1,1,0,110
PC1 7164661,1,2,0,0,0,0,1,0,110
Sys1 25092476,1,2,0,0,0,1,1,0,110
PC1 91174213,1,2,0,0,0,0,1,0,110
PC1 95693409,1,2,0,0,0,0,1,0,110
Sys1 8172499,0,2,2,2,0,1,1,0,130
Sys1 26284230,1,2,0,0,0,1,1,0,110
PC1 33046926,1,2,0,0,0,0,1,0,110
PC1 49928962,1,2,0,0,0,0,1,0,110
PC1 41759900,1,2,0,0,0,0,1,0,110
Sys1 84843229,1,2,0,0,0,1,1,0,110
Sys1 91643445,1,2,0,0,0,1,1,0,110
Sys1 14765575,1,2,0,0,0,1,1,0,110
Sys1 98529158,1,2,0,0,0,1,1,0,110
Sys1 42670544,1,2,0,0,0,1,1,0,110
Sys1 38029543,1,2,0,0,0,1,1,0,110
Sys1 30129557,1,2,0,0,0,1,1,0,110
Sys1 39651228,1,2,0,0,0,1,1,0,110
Sys1 90755970,1,2,0,0,0,1,1,0,110
Sys1 40685321,1,2,0,0,0,1,1,0,110
Sys1 25439737,0,2,2,2,0,1,1,0,130
PC1 8519790,0,2,2,2,0,0,1,0,130
PC1 22497374,1,2,0,0,0,0,1,0,110
PC1 54794518,1,2,0,0,0,0,1,0,110
PC1 48498879,1,2,0,0,0,0,1,0,110
PC1 24937562,0,2,2,2,0,0,1,0,130
Sys1 49160684,1,2,0,0,0,1,1,0,110
PC1 57396629,1,2,0,0,0,0,1,0,110
PC1 55083563,1,2,2,0,0,0,1,0,110
Sys1 37766368,1,2,2,0,0,1,1,0,110
Sys1 62315108,1,2,0,0,0,1,1,0,110
Sys1 87639610,1,2,0,0,0,1,1,0,110
Sys1 25650232,1,2,0,0,0,1,1,0,110
Sys1 43892420,1,2,0,0,0,1,1,0,110
Sys1 21952860,1,2,2,0,0,1,1,0,110
Sys1 84541452,1,2,0,0,0,1,1,0,110
Sys1 53158391,1,2,0,0,0,1,1,0,110
PC1 95213097,1,2,0,0,0,0,1,0,110
Sys1 2881394,1,2,2,0,0,1,1,0,110
PC1 13086835,1,2,0,0,0,0,1,0,110
PC1 52930538,1,2,0,0,0,0,1,0,110
PC1 36373144,1,2,2,0,0,0,1,0,110
PC1 14737425,1,2,0,0,0,0,1,0,110
PC1 38091204,1,2,0,0,0,0,1,0,110
Sys1 18211208,1,2,0,0,0,1,1,0,110
PC1 20719223,0,2,2,2,0,0,1,0,130
PC1 49483645,0,2,2,2,0,0,1,0,130
Sys1 41199573,0,2,2,2,0,1,1,0,130
Sys1 84033069,0,2,2,2,0,1,1,0,130
Sys1 1915531,0,2,2,2,0,1,1,0,130
Sys1 37021242,0,2,2,2,0,1,1,0,130
PC1 15647106,0,2,2,2,0,0,1,0,130
PC1 5678421,0,2,2,2,0,0,1,0,130
Sys1 45810523,0,2,2,2,0,1,1,0,130
PC1 6323535,0,2,2,2,0,0,1,0,130
PC1 89493195,0,2,2,2,0,0,1,0,130
Sys1 39523566,0,2,2,2,0,1,1,0,130
Sys1 55608392,0,2,2,2,0,1,1,0,130
Sys1 40452765,0,2,2,2,0,1,1,0,130
Sys1 68447537,0,2,2,2,0,1,1,0,130
Sys1 13993575,0,2,2,2,0,1,1,0,130
PC1 33093250,0,2,2,2,0,0,1,0,130
Sys1 9853783,0,2,2,2,0,1,1,0,130
PC1 47809952,0,2,2,2,0,0,1,0,130
PC1 38139452,0,2,2,2,0,0,1,0,130
Sys1 2191999,0,2,2,2,0,1,1,0,130
PC1 38169323,0,2,2,2,0,0,1,0,130
Sys1 16930239,0,2,2,2,0,1,1,0,130
PC1 20602788,1,2,0,0,0,0,1,0,110
PC1 25216042,1,2,0,0,0,0,1,0,110
PC1 8962914,1,2,0,0,0,0,1,0,110
Sys1 71730178,1,2,0,0,0,1,1,0,110
Sys1 96404474,1,2,0,0,0,1,1,0,110
PC1 36920578,1,2,0,0,0,0,1,0,110
Sys1 151356,1,2,0,0,0,1,1,0,110
Sys1 54364246,1,2,0,0,0,1,1,0,110
PC1 42066445,1,2,0,0,0,0,1,0,110
PC1 44031343,1,2,0,0,0,0,1,0,110
Sys1 93188004,1,2,0,0,0,1,1,0,110
Sys1 92059929,1,2,0,0,0,1,1,0,110
PC1 12711802,1,2,0,0,0,0,1,0,110
PC1 52321005,1,2,2,0,0,0,1,0,110
Sys1 49210202,1,2,0,0,0,1,1,0,110
PC1 88873465,1,2,0,0,0,0,1,0,110
PC1 73541201,1,2,0,0,0,0,1,0,110
Sys1 15213977,0,2,2,2,0,1,1,0,130
PC1 81528440,0,2,2,2,0,0,1,0,130
PC1 55038625,0,2,2,2,0,0,1,0,130
PC1 59712228,0,2,2,2,0,0,1,0,130
Sys1 64898788,1,2,2,0,0,1,1,0,110
PC1 82510940,0,2,2,2,0,0,1,0,130
PC1 73065631,0,2,2,2,0,0,1,0,130
Sys1 70672720,0,2,2,2,0,1,1,0,130
Sys1 33259171,1,2,0,0,0,1,1,0,110
PC1 25378994,1,2,0,0,0,0,1,0,110
PC1 40595735,1,2,0,0,0,0,1,0,110
PC1 19120221,0,2,2,2,0,0,1,0,130
Sys1 84319257,1,2,0,0,0,1,1,0,110
Sys1 47014904,1,2,0,0,0,1,1,0,110
PC1 93288039,1,2,0,0,0,0,1,0,110
PC1 46499023,1,2,0,0,0,0,1,0,110
Sys1 88887634,1,2,0,0,0,1,1,0,110
PC1 88155242,1,2,0,0,0,0,1,0,110
Sys1 12082700,1,2,0,0,0,1,1,0,110
Sys1 44266877,1,2,0,0,0,1,1,0,110
PC1 30562463,1,2,0,0,0,0,1,0,110
Sys1 65672665,1,2,0,0,0,1,1,0,110
Sys1 28055510,1,2,0,0,0,1,1,0,110
PC1 12043544,1,2,0,0,0,0,1,0,110
PC1 61045314,1,2,0,0,0,0,1,0,110
PC1 35366384,1,2,0,0,0,0,1,0,110
PC1 42507706,1,2,0,0,0,0,1,0,110
PC1 95395103,1,2,0,0,0,0,1,0,110
Sys1 29239710,1,2,0,0,0,1,1,0,110
Sys1 38369209,1,2,0,0,0,1,1,0,110
PC1 19479150,1,2,2,0,0,0,1,0,110
Sys1 68593264,1,2,0,0,0,1,1,0,110
PC1 62142201,1,2,2,0,0,0,1,0,110
Sys1 11280647,1,2,0,0,0,1,1,0,110
Sys1 50457297,1,2,0,0,0,1,1,0,110
Sys1 44345806,1,2,0,0,0,1,1,0,110
Sys1 65553817,1,2,2,0,0,1,1,0,110
PC1 5600802,1,2,0,0,0,0,1,0,110
PC1 23461662,1,2,0,0,0,0,1,0,110
Sys1 9608625,1,2,0,0,0,1,1,0,110
PC1 21282406,1,2,0,0,0,0,1,0,110
Sys1 29860701,1,2,0,0,0,1,1,0,110
PC1 28867666,1,2,0,0,0,0,1,0,110
PC1 60691475,1,2,0,0,0,0,1,0,110
PC1 94322660,1,2,0,0,0,0,1,0,110
Sys1 81645884,1,2,0,0,0,1,1,0,110
PC1 31383625,1,2,0,0,0,0,1,0,110
Sys1 11505286,1,2,0,0,0,1,1,0,110
PC1 44052998,1,2,0,0,0,0,1,0,110
Sys1 88776041,1,2,0,0,0,1,1,0,110
Sys1 35995388,1,2,0,0,0,1,1,0,110
PC1 28950313,1,2,0,0,0,0,1,0,110
PC1 73551637,1,2,0,0,0,0,1,0,110
PC1 95419148,1,2,0,0,0,0,1,0,110
Sys1 84905044,1,2,0,0,0,1,1,0,110
Sys1 3927878,1,2,0,0,0,1,1,0,110
Sys1 19737176,1,2,0,0,0,1,1,0,110
Sys1 7391110,1,2,0,0,0,1,1,0,110
PC1 81933816,1,2,0,0,0,0,1,0,110
PC1 57455691,1,2,0,0,0,0,1,0,110
Sys1 28266202,1,2,0,0,0,1,1,0,110
PC1 26303619,1,2,0,0,0,0,1,0,110
Sys1 80084817,1,2,0,0,0,1,1,0,110
Sys1 96607977,1,2,0,0,0,1,1,0,110
Sys1 41021112,1,2,0,0,0,1,1,0,110
Sys1 62463012,1,2,0,0,0,1,1,0,110
Sys1 84361298,1,2,0,0,0,1,1,0,110
PC1 12700906,1,2,0,0,0,0,1,0,110
Sys1 10838417,1,2,0,0,0,1,1,0,110
PC1 53461371,1,2,2,0,0,0,1,0,110
Sys1 18518199,1,2,0,0,0,1,1,0,110
PC1 92150298,1,2,0,0,0,0,1,0,110
Sys1 75388330,1,2,0,0,0,1,1,0,110
Sys1 26501887,1,2,2,0,0,1,1,0,110
PC1 39139272,1,2,0,0,0,0,1,0,110
Sys1 74799701,1,2,0,0,0,1,1,0,110
Sys1 90933382,1,2,0,0,0,1,1,0,110
PC1 35427480,1,2,0,0,0,0,1,0,110
Sys1 73957391,1,2,2,0,0,1,1,0,110
Sys1 13016293,1,2,2,0,0,1,1,0,110
PC1 80758670,1,2,0,0,0,0,1,0,110
Sys1 42875431,1,2,0,0,0,1,1,0,110
Sys1 68836974,1,2,0,0,0,1,1,0,110
Sys1 31212641,1,2,0,0,0,1,1,0,110
PC1 69667218,1,2,0,0,0,0,1,0,110
Sys1 40175370,1,2,0,0,0,1,1,0,110
Sys1 41516132,1,2,0,0,0,1,1,0,110
PC1 32062615,1,2,0,0,0,0,1,0,110
PC1 52049368,1,2,0,0,0,0,1,0,110
Sys1 71068548,1,2,0,0,0,1,1,0,110
Sys1 36941279,1,2,0,0,0,1,1,0,110
Sys1 41928910,1,2,0,0,0,1,1,0,110
Sys1 80032115,1,2,0,0,0,1,1,0,110
Sys1 1235533,1,2,0,0,0,1,1,0,110
Sys1 80789644,1,2,0,0,0,1,1,0,110
PC1 54857924,1,2,0,0,0,0,1,0,110
Sys1 62270727,1,2,0,0,0,1,1,0,110
PC1 82537015,1,2,0,0,0,0,1,0,110
Sys1 74720689,1,2,0,0,0,1,1,0,110
PC1 79416320,1,2,0,0,0,0,1,0,110
PC1 28086872,1,2,0,0,0,0,1,0,110
PC1 1921511,1,2,0,0,0,0,1,0,110
PC1 82200067,1,2,0,0,0,0,1,0,110
Sys1 82575087,1,2,0,0,0,1,1,0,110
PC1 56646274,1,2,0,0,0,0,1,0,110
PC1 11402831,1,2,0,0,0,0,1,0,110
Sys1 73083806,1,2,0,0,0,1,1,0,110
Sys1 93725607,1,2,2,0,0,1,1,0,110
PC1 47831441,1,2,0,0,0,0,1,0,110
PC1 80073605,1,2,0,0,0,0,1,0,110
Sys1 10413118,1,2,0,0,0,1,1,0,110
Sys1 96571692,1,2,0,0,0,1,1,0,110
Sys1 23088452,1,2,0,0,0,1,1,0,110
PC1 1632066,1,2,0,0,0,0,1,0,110
PC1 13517267,1,2,0,0,0,0,1,0,110
Sys1 68540242,1,2,0,0,0,1,1,0,110
Sys1 61653906,1,2,2,0,0,1,1,0,110
Sys1 77594632,1,2,0,0,0,1,1,0,110
Sys1 99707861,1,2,0,0,0,1,1,0,110
Sys1 19750109,1,2,0,0,0,1,1,0,110
Sys1 1163249,1,2,2,0,0,1,1,0,110
PC1 40095006,1,2,0,0,0,0,1,0,110
Sys1 12641341,1,2,0,0,0,1,1,0,110
Sys1 86649738,1,2,2,0,0,1,1,0,110
PC1 8278467,1,2,2,0,0,0,1,0,110
PC1 47467325,1,2,0,0,0,0,1,0,110
PC1 8437065,1,2,0,0,0,0,1,0,110
PC1 74519409,1,2,2,0,0,0,1,0,110
Sys1 27968970,1,2,0,0,0,1,1,0,110
PC1 73998869,1,2,2,0,0,0,1,0,110
Sys1 87255349,1,2,0,0,0,1,1,0,110
PC1 82864028,1,2,0,0,0,0,1,0,110
PC1 46615518,1,2,0,0,0,0,1,0,110
Sys1 64653780,1,2,0,0,0,1,1,0,110
Sys1 41747887,1,2,0,0,0,1,1,0,110
PC1 72909597,1,2,0,0,0,0,1,0,110
PC1 38452284,1,2,0,0,0,0,1,0,110
PC1 69187909,1,2,0,0,0,0,1,0,110
Sys1 77222099,1,2,0,0,0,1,1,0,110
PC1 3176458,1,2,0,0,0,0,1,0,110
Sys1 89626999,1,2,0,0,0,1,1,0,110
PC1 2892214,1,2,0,0,0,0,1,0,110
Sys1 17099763,1,2,0,0,0,1,1,0,110
PC1 5554008,1,2,0,0,0,0,1,0,110
PC1 81420099,1,2,0,0,0,0,1,0,110
PC1 30777447,1,2,0,0,0,0,1,0,110
PC1 25631972,1,2,0,0,0,0,1,0,110
PC1 77612717,1,2,0,0,0,0,1,0,110
PC1 44400079,1,2,0,0,0,0,1,0,110
Sys1 16629054,1,2,0,0,0,1,1,0,110
PC1 41109839,1,2,2,0,0,0,1,0,110
Sys1 77201663,1,2,0,0,0,1,1,0,110
PC1 42161710,1,2,0,0,0,0,1,0,110
Sys1 33670067,1,2,0,0,0,1,1,0,110
PC1 64111093,1,2,0,0,0,0,1,0,110
PC1 93508126,1,2,0,0,0,0,1,0,110
PC1 91252404,1,2,0,0,0,0,1,0,110
PC1 9664851,1,2,0,0,0,0,1,0,110
Sys1 77987308,1,2,0,0,0,1,1,0,110
Sys1 29513061,1,2,0,0,0,1,1,0,110
Sys1 75071992,1,2,0,0,0,1,1,0,110
PC1 12316638,1,2,0,0,0,0,1,0,110
PC1 91545508,1,2,2,0,0,0,1,0,110
PC1 9853809,1,2,0,0,0,0,1,0,110
Sys1 22807835,1,2,0,0,0,1,1,0,110
PC1 17880322,1,2,0,0,0,0,1,0,110
PC1 56190012,1,2,0,0,0,0,1,0,110
Sys1 89376232,1,2,0,0,0,1,1,0,110
Sys1 9270150,1,2,0,0,0,1,1,0,110
Sys1 93188081,1,2,0,0,0,1,1,0,110
Sys1 63272036,1,2,0,0,0,1,1,0,110
PC1 4386602,1,2,0,0,0,0,1,0,110
PC1 9256348,1,2,0,0,0,0,1,0,110
Sys1 6033902,1,2,0,0,0,1,1,0,110
Sys1 21828069,1,2,0,0,0,1,1,0,110
PC1 35903304,1,2,0,0,0,0,1,0,110
Sys1 66490172,1,2,0,0,0,1,1,0,110
Sys1 72753924,1,2,0,0,0,1,1,0,110
Sys1 60754439,1,2,0,0,0,1,1,0,110
PC1 6406570,1,2,0,0,0,0,1,0,110
PC1 36090594,1,2,0,0,0,0,1,0,110
Sys1 62752173,1,2,0,0,0,1,1,0,110
Sys1 98491620,1,2,0,0,0,1,1,0,110
PC1 19488171,1,2,0,0,0,0,1,0,110
Sys1 10038929,1,2,0,0,0,1,1,0,110
PC1 41912867,1,2,0,0,0,0,1,0,110
PC1 93476965,1,2,0,0,0,0,1,0,110
Sys1 254844,1,2,0,0,0,1,1,0,110
Sys1 70742490,1,2,0,0,0,1,1,0,110
Sys1 58703971,1,2,0,0,0,1,1,0,110
Sys1 39967164,1,2,0,0,0,1,1,0,110
Sys1 3448057,1,2,0,0,0,1,1,0,110
Sys1 8415271,1,2,0,0,0,1,1,0,110
Sys1 15140660,1,2,0,0,0,1,1,0,110
Sys1 85751206,1,2,0,0,0,1,1,0,110
PC1 7641937,1,2,0,0,0,0,1,0,110
PC1 16771218,1,2,0,0,0,0,1,0,110
PC1 24550558,1,2,0,0,0,0,1,0,110
Sys1 83667180,1,2,0,0,0,1,1,0,110
Sys1 27718270,1,2,2,0,0,1,1,0,110
Sys1 85090082,1,2,0,0,0,1,1,0,110
Sys1 80925371,1,2,0,0,0,1,1,0,110
PC1 4801107,1,2,0,0,0,0,1,0,110
PC1 21058000,1,2,0,0,0,0,1,0,110
PC1 53031255,0,2,2,2,0,0,1,0,130
Sys1 49522415,1,2,0,0,0,1,1,0,110
PC1 45977254,1,2,0,0,0,0,1,0,110
Sys1 84838433,1,2,0,0,0,1,1,0,110
Sys1 5849810,1,2,0,0,0,1,1,0,110
Sys1 43802635,1,2,0,0,0,1,1,0,110
Sys1 56841787,1,2,0,0,0,1,1,0,110
Sys1 22370406,1,2,0,0,0,1,1,0,110
PC1 54306974,1,2,0,0,0,0,1,0,110
PC1 18299073,1,2,0,0,0,0,1,0,110
PC1 69936339,1,2,0,0,0,0,1,0,110
Sys1 54689609,1,2,0,0,0,1,1,0,110
Sys1 53225720,1,2,0,0,0,1,1,0,110
Sys1 46192907,1,2,0,0,0,1,1,0,110
PC1 65482826,1,2,0,0,0,0,1,0,110
PC1 19172366,1,2,0,0,0,0,1,0,110
Sys1 48240806,1,2,0,0,0,1,1,0,110
PC1 33252084,1,2,0,0,0,0,1,0,110
PC1 87442084,1,2,0,0,0,0,1,0,110
Sys1 85045632,1,2,0,0,0,1,1,0,110
Sys1 65576054,1,2,2,0,0,1,1,0,110
PC1 13427979,1,2,0,0,0,0,1,0,110
Sys1 13743990,1,2,0,0,0,1,1,0,110
PC1 79330981,1,2,0,0,0,0,1,0,110
PC1 91807949,1,2,0,0,0,0,1,0,110
Sys1 45644064,1,2,0,0,0,1,1,0,110
Sys1 63748944,1,2,0,0,0,1,1,0,110
Sys1 17416977,1,2,0,0,0,1,1,0,110
Sys1 79515844,1,2,0,0,0,1,1,0,110
Sys1 76201361,1,2,0,0,0,1,1,0,110
Sys1 70350379,1,2,0,0,0,1,1,0,110
PC1 81547478,1,2,0,0,0,0,1,0,110
Sys1 49000959,1,2,0,0,0,1,1,0,110
PC1 10947060,1,2,2,0,0,0,1,0,110
PC1 24908904,1,2,0,0,0,0,1,0,110
PC1 54614163,1,2,0,0,0,0,1,0,110
PC1 53828808,1,2,0,0,0,0,1,0,110
Sys1 32610508,1,2,0,0,0,1,1,0,110
Sys1 5284338,1,2,0,0,0,1,1,0,110
Sys1 82681654,1,2,0,0,0,1,1,0,110
Sys1 91753173,1,2,0,0,0,1,1,0,110
Sys1 93927132,1,2,0,0,0,1,1,0,110
PC1 20937789,1,2,0,0,0,0,1,0,110
PC1 94308589,1,2,0,0,0,0,1,0,110
PC1 53932884,1,2,0,0,0,0,1,0,110
PC1 91001919,1,2,0,0,0,0,1,0,110
PC1 14036234,1,2,0,0,0,0,1,0,110
Sys1 11599832,1,2,0,0,0,1,1,0,110
Sys1 91627402,1,2,0,0,0,1,1,0,110
PC1 85061172,1,2,0,0,0,0,1,0,110
PC1 11753924,1,2,0,0,0,0,1,0,110
PC1 77220010,1,2,0,0,0,0,1,0,110
Sys1 2987848,1,2,0,0,0,1,1,0,110
PC1 69020919,1,2,0,0,0,0,1,0,110
Sys1 37069018,1,2,0,0,0,1,1,0,110
Sys1 31530571,1,2,0,0,0,1,1,0,110
Sys1 8826677,1,2,0,0,0,1,1,0,110
PC1 48329692,1,2,0,0,0,0,1,0,110
Sys1 31072531,1,2,0,0,0,1,1,0,110
PC1 50955324,1,2,0,0,0,0,1,0,110
PC1 17187368,1,2,0,0,0,0,1,0,110
Sys1 33298127,1,2,0,0,0,1,1,0,110
Sys1 44666981,1,2,0,0,0,1,1,0,110
PC1 9621523,1,2,0,0,0,0,1,0,110
Sys1 36331269,1,2,0,0,0,1,1,0,110
Sys1 20490802,1,2,0,0,0,1,1,0,110
PC1 80883676,1,2,0,0,0,0,1,0,110
PC1 34941650,1,2,0,0,0,0,1,0,110
PC1 11239326,1,2,0,0,0,0,1,0,110
PC1 43966480,1,2,0,0,0,0,1,0,110
Sys1 41116288,1,2,0,0,0,1,1,0,110
PC1 65472002,1,2,0,0,0,0,1,0,110
Sys1 8593781,1,2,0,0,0,1,1,0,110
Sys1 64269057,1,2,0,0,0,1,1,0,110
PC1 92499459,1,2,2,0,0,0,1,0,110
PC1 92737973,1,2,0,0,0,0,1,0,110
Sys1 13911062,1,2,2,0,0,1,1,0,110
Sys1 95138408,1,2,0,0,0,1,1,0,110
Sys1 69802990,1,2,2,0,0,1,1,0,110
Sys1 98508470,1,2,0,0,0,1,1,0,110
PC1 43679137,1,2,0,0,0,0,1,0,110
PC1 6453719,1,2,0,0,0,0,1,0,110
Sys1 27782370,1,2,0,0,0,1,1,0,110
Sys1 90343690,1,2,0,0,0,1,1,0,110
Sys1 27664203,1,2,0,0,0,1,1,0,110
Sys1 68754604,1,2,0,0,0,1,1,0,110
Sys1 16229598,1,2,2,0,0,1,1,0,110
PC1 2743789,1,2,0,0,0,0,1,0,110
PC1 92444407,1,2,0,0,0,0,1,0,110
Sys1 13741343,1,2,0,0,0,1,1,0,110
Sys1 80854240,0,2,2,2,0,1,1,0,130
PC1 51041892,0,2,2,2,0,0,1,0,130
Sys1 61869566,0,2,2,2,0,1,1,0,130
Sys1 21884308,0,2,2,2,0,1,1,0,130
PC1 31875974,1,2,0,0,0,0,1,0,110
PC1 54656995,1,2,0,0,0,0,1,0,110
Sys1 47757181,1,2,0,0,0,1,1,0,110
Sys1 60981021,1,2,0,0,0,1,1,0,110
Sys1 52296812,1,2,0,0,0,1,1,0,110
Sys1 28968065,1,2,0,0,0,1,1,0,110
PC1 10916523,1,2,0,0,0,0,1,0,110
PC1 80458654,1,2,0,0,0,0,1,0,110
PC1 55649847,1,2,0,0,0,0,1,0,110
Sys1 96053504,1,2,0,0,0,1,1,0,110
PC1 26510796,1,2,0,0,0,0,1,0,110
Sys1 76748850,1,2,0,0,0,1,1,0,110
PC1 70736621,1,2,0,0,0,0,1,0,110
PC1 91192896,1,2,0,0,0,0,1,0,110
Sys1 55965382,1,2,0,0,0,1,1,0,110
Sys1 82595363,1,2,0,0,0,1,1,0,110
Sys1 5230712,1,2,0,0,0,1,1,0,110
PC1 72464421,1,2,0,0,0,0,1,0,110
PC1 78804463,1,2,0,0,0,0,1,0,110
Sys1 80219845,1,2,0,0,0,1,1,0,110
Sys1 4982767,1,2,0,0,0,1,1,0,110
PC1 10006990,1,2,0,0,0,0,1,0,110
PC1 58039571,1,2,0,0,0,0,1,0,110
Sys1 73384792,1,2,0,0,0,1,1,0,110
Sys1 97682900,1,2,0,0,0,1,1,0,110
PC1 66242132,1,2,0,0,0,0,1,0,110
PC1 29649150,1,2,0,0,0,0,1,0,110
Sys1 44834217,1,2,0,0,0,1,1,0,110
PC1 10069168,1,2,2,0,0,0,1,0,110
Sys1 99635707,1,2,0,0,0,1,1,0,110
PC1 76396276,1,2,0,0,0,0,1,0,110
PC1 60796704,1,2,0,0,0,0,1,0,110
Sys1 49476237,1,2,2,0,0,1,1,0,110
PC1 11006579,1,2,0,0,0,0,1,0,110
PC1 17570893,1,2,0,0,0,0,1,0,110
Sys1 37080495,1,2,0,0,0,1,1,0,110
PC1 4772193,1,2,0,0,0,0,1,0,110
PC1 78889278,1,2,0,0,0,0,1,0,110
Sys1 37878580,1,2,0,0,0,1,1,0,110
Sys1 16494577,1,2,0,0,0,1,1,0,110
PC1 34389059,1,2,0,0,0,0,1,0,110
PC1 89901959,1,2,0,0,0,0,1,0,110
PC1 11521974,1,2,0,0,0,0,1,0,110
PC1 516914,1,2,0,0,0,0,1,0,110
PC1 68497526,1,2,0,0,0,0,1,0,110
Sys1 62814731,1,2,0,0,0,1,1,0,110
PC1 97921134,1,2,0,0,0,0,1,0,110
PC1 67723142,1,2,0,0,0,0,1,0,110
Sys1 42015336,1,2,0,0,0,1,1,0,110
Sys1 68147490,1,2,0,0,0,1,1,0,110
Sys1 94032372,1,2,0,0,0,1,1,0,110
PC1 6133087,1,2,0,0,0,0,1,0,110
PC1 42761963,1,2,0,0,0,0,1,0,110
PC1 21567436,1,2,0,0,0,0,1,0,110
PC1 36696398,1,2,0,0,0,0,1,0,110
PC1 84659420,1,2,0,0,0,0,1,0,110
Sys1 18641432,1,2,0,0,0,1,1,0,110
PC1 2610224,1,2,0,0,0,0,1,0,110
PC1 70346918,1,2,0,0,0,0,1,0,110
Sys1 92848978,1,2,0,0,0,1,1,0,110
Sys1 74092688,1,2,0,0,0,1,1,0,110
Sys1 9632713,1,2,0,0,0,1,1,0,110
Sys1 31684737,1,2,0,0,0,1,1,0,110
Sys1 85373881,1,2,0,0,0,1,1,0,110
PC1 49745691,0,2,2,2,0,0,1,0,130
PC1 12736577,1,2,0,0,0,0,1,0,110
PC1 88532921,1,2,2,0,0,0,1,0,110
PC1 16369047,1,2,2,0,0,0,1,0,110
PC1 63599153,1,2,0,0,0,0,1,0,110
PC1 45365291,1,2,0,0,0,0,1,0,110
PC1 55345906,1,2,2,0,0,0,1,0,110
PC1 76809866,1,2,0,0,0,0,1,0,110
Sys1 47376180,1,2,2,0,0,1,1,0,110
PC1 8269915,1,2,0,0,0,0,1,0,110
PC1 12853214,1,2,0,0,0,0,1,0,110
Sys1 53462232,1,2,0,0,0,1,1,0,110
Sys1 84010096,1,2,0,0,0,1,1,0,110
PC1 68965199,1,2,0,0,0,0,1,0,110
PC1 56215200,1,2,0,0,0,0,1,0,110
PC1 27029415,1,2,0,0,0,0,1,0,110
Sys1 31687170,1,2,0,0,0,1,1,0,110
PC1 71671756,1,2,0,0,0,0,1,0,110
PC1 85869493,1,2,0,0,0,0,1,0,110
Sys1 13829568,1,2,0,0,0,1,1,0,110
PC1 81959575,1,2,0,0,0,0,1,0,110
Sys1 28761654,1,2,0,0,0,1,1,0,110
Sys1 31499127,1,2,0,0,0,1,1,0,110
Sys1 79955461,1,2,0,0,0,1,1,0,110
Sys1 6783587,1,2,0,0,0,1,1,0,110
Sys1 44445007,1,2,0,0,0,1,1,0,110
Sys1 64881217,1,2,0,0,0,1,1,0,110
PC1 23691622,1,2,0,0,0,0,1,0,110
PC1 86764636,1,2,0,0,0,0,1,0,110
PC1 20476619,1,2,0,0,0,0,1,0,110
Sys1 58204209,0,2,2,2,0,1,1,0,130
Sys1 58751823,0,2,2,2,0,1,1,0,130
PC1 50046411,0,2,2,2,0,0,1,0,130
PC1 60216684,0,2,2,2,0,0,1,0,130
Sys1 54481554,0,2,2,2,0,1,1,0,130
Sys1 56292095,0,2,2,2,0,1,1,0,130
PC1 89956636,0,2,2,2,0,0,1,0,130
PC1 73607687,0,2,2,2,0,0,1,0,130
Sys1 45739421,0,2,2,2,0,1,1,0,130
Sys1 86641871,0,2,2,2,0,1,1,0,130
PC1 92291952,0,2,2,2,0,0,1,0,130
PC1 43564473,0,2,2,2,0,0,1,0,130
PC1 8914920,0,2,2,2,0,0,1,0,130
Sys1 47684779,0,2,2,2,0,1,1,0,130
Sys1 48597582,0,2,2,2,0,1,1,0,130
Sys1 25969228,0,2,2,2,0,1,1,0,130
Sys1 92136258,0,2,2,2,0,1,1,0,130
Sys1 60179750,0,2,2,2,0,1,1,0,130
PC1 1193889,0,2,2,2,0,0,1,0,130
PC1 38495896,0,2,2,2,0,0,1,0,130
Sys1 43535911,0,2,2,2,0,1,1,0,130
Sys1 48333599,0,2,2,2,0,1,1,0,130
Sys1 2459908,0,2,2,2,0,1,1,0,130
Sys1 39419369,0,2,2,2,0,1,1,0,130
PC1 38364868,0,2,2,2,0,0,1,0,130
PC1 94297071,0,2,2,2,0,0,1,0,130
PC1 21261291,0,2,2,2,0,0,1,0,130
Sys1 83467678,0,2,2,2,0,1,1,0,130
PC1 24028586,0,2,2,2,0,0,1,0,130
PC1 71187656,0,2,2,2,0,0,1,0,130
PC1 70991729,0,2,2,2,0,0,1,0,130
PC1 19435557,0,2,2,2,0,0,1,0,130
PC1 62381667,0,2,2,2,0,0,1,0,130
PC1 76555207,0,2,2,2,0,0,1,0,130
Sys1 52935563,0,2,2,2,0,1,1,0,130
Sys1 66058387,0,2,2,2,0,1,1,0,130
Sys1 29218997,0,2,2,2,0,1,1,0,130
PC1 64331194,0,2,2,2,0,0,1,0,130
PC1 36510725,0,2,2,2,0,0,1,0,130
Sys1 93925571,0,2,2,2,0,1,1,0,130
Sys1 45237118,0,2,2,2,0,1,1,0,130
PC1 14054396,0,2,2,2,0,0,1,0,130
Sys1 27769761,0,2,2,2,0,1,1,0,130
Sys1 3653586,0,2,2,2,0,1,1,0,130
PC1 29627637,0,2,2,2,0,0,1,0,130
Sys1 53593920,0,2,2,2,0,1,1,0,130
PC1 82503028,0,2,2,2,0,0,1,0,130
PC1 67129553,0,2,2,2,0,0,1,0,130
Sys1 99625543,0,2,2,2,0,1,1,0,130
Sys1 30294889,0,2,2,2,0,1,1,0,130
Sys1 60019941,0,2,2,2,0,1,1,0,130
PC1 97124682,0,2,2,2,0,0,1,0,130
Sys1 43594832,0,2,2,2,0,1,1,0,130
Sys1 39799424,0,2,2,2,0,1,1,0,130
Sys1 59094822,0,2,2,2,0,1,1,0,130
PC1 18904901,0,2,2,2,0,0,1,0,130
PC1 50118949,0,2,2,2,0,0,1,0,130
PC1 62901470,0,2,2,2,0,0,1,0,130
Sys1 22956864,0,2,2,2,0,1,1,0,130
PC1 85311965,0,2,2,2,0,0,1,0,130
PC1 45089047,0,2,2,2,0,0,1,0,130
PC1 67132430,0,2,2,2,0,0,1,0,130
Sys1 3027578,0,2,2,2,0,1,1,0,130
Sys1 61793397,0,2,2,2,0,1,1,0,130
PC1 91293763,0,2,2,2,0,0,1,0,130
Sys1 95989809,0,2,2,2,0,1,1,0,130
Sys1 81494704,0,2,2,2,0,1,1,0,130
PC1 35003842,0,2,2,2,0,0,1,0,130
PC1 64606577,0,2,2,2,0,0,1,0,130
PC1 7663216,0,2,2,2,0,0,1,0,130
Sys1 56969898,0,2,2,2,0,1,1,0,130
Sys1 12222720,0,2,2,2,0,1,1,0,130
Sys1 13820962,0,2,2,2,0,1,1,0,130
PC1 56055425,0,2,2,2,0,0,1,0,130
Sys1 63908231,0,2,2,2,0,1,1,0,130
Sys1 92151821,0,2,2,2,0,1,1,0,130
PC1 98726430,0,2,2,2,0,0,1,0,130
Sys1 19642619,0,2,2,2,0,1,1,0,130
PC1 75845478,0,2,2,2,0,0,1,0,130
PC1 84655093,0,2,2,2,0,0,1,0,130
PC1 31536411,0,2,2,2,0,0,1,0,130
Sys1 70070713,0,2,2,2,0,1,1,0,130
Sys1 45803617,0,2,2,2,0,1,1,0,130
PC1 18151924,0,2,2,2,0,0,1,0,130
PC1 2978858,0,2,2,2,0,0,1,0,130
PC1 52661965,0,2,2,2,0,0,1,0,130
Sys1 50106880,0,2,2,2,0,1,1,0,130
PC1 93668507,0,2,2,2,0,0,1,0,130
Sys1 82740761,0,2,2,2,0,1,1,0,130
PC1 30408751,0,2,2,2,0,0,1,0,130
PC1 76737800,0,2,2,2,0,0,1,0,130
PC1 78651598,0,2,2,2,0,0,1,0,130
PC1 6558290,0,2,2,2,0,0,1,0,130
Sys1 77192506,0,2,2,2,0,1,1,0,130
PC1 98721914,0,2,2,2,0,0,1,0,130
Sys1 16726905,0,2,2,2,0,1,1,0,130
PC1 44974244,0,2,2,2,0,0,1,0,130
Sys1 90029521,0,2,2,2,0,1,1,0,130
Sys1 20681540,0,2,2,2,0,1,1,0,130
Sys1 36326523,0,2,2,2,0,1,1,0,130
PC1 74880844,0,2,2,2,0,0,1,0,130
Sys1 9187643,0,2,2,2,0,1,1,0,130
Sys1 45554905,0,2,2,2,0,1,1,0,130
PC1 86068839,0,2,2,2,0,0,1,0,130
Sys1 12356943,0,2,2,2,0,1,1,0,130
PC1 27563455,0,2,2,2,0,0,1,0,130
Sys1 2515860,0,2,2,2,0,1,1,0,130
PC1 75378428,0,2,2,2,0,0,1,0,130
PC1 22005252,0,2,2,2,0,0,1,0,130
Sys1 77088673,0,2,2,2,0,1,1,0,130
Sys1 11296089,0,2,2,2,0,1,1,0,130
PC1 18204010,0,2,2,2,0,0,1,0,130
PC1 82132012,0,2,2,2,0,0,1,0,130
PC1 19257008,0,2,2,2,0,0,1,0,130
PC1 77970749,0,2,2,2,0,0,1,0,130
Sys1 6388080,0,2,2,2,0,1,1,0,130
Sys1 6997298,0,2,2,2,0,1,1,0,130
PC1 40821739,0,2,2,2,0,0,1,0,130
PC1 38347305,0,2,2,2,0,0,1,0,130
Sys1 26065114,0,2,2,2,0,1,1,0,130
Sys1 10313769,0,2,2,2,0,1,1,0,130
Sys1 55889331,0,2,2,2,0,1,1,0,130
Sys1 41847691,0,2,2,2,0,1,1,0,130
PC1 84673443,0,2,2,2,0,0,1,0,130
PC1 66525947,0,2,2,2,0,0,1,0,130
Sys1 46161821,0,2,2,2,0,1,1,0,130
Sys1 23240581,0,2,2,2,0,1,1,0,130
PC1 9227030,0,2,2,2,0,0,1,0,130
PC1 27102627,0,2,2,2,0,0,1,0,130
PC1 54375431,0,2,2,2,0,0,1,0,130
Sys1 67738880,0,2,2,2,0,1,1,0,130
PC1 47756763,0,2,2,2,0,0,1,0,130
PC1 74086232,0,2,2,2,0,0,1,0,130
PC1 54778233,0,2,2,2,0,0,1,0,130
PC1 34910616,0,2,2,2,0,0,1,0,130
PC1 58367848,0,2,2,2,0,0,1,0,130
Sys1 27317406,0,2,2,2,0,1,1,0,130
Sys1 62395105,0,2,2,2,0,1,1,0,130
PC1 23530990,0,2,2,2,0,0,1,0,130
Sys1 70437324,0,2,2,2,0,1,1,0,130
PC1 98756735,0,2,2,2,0,0,1,0,130
PC1 45730141,0,2,2,2,0,0,1,0,130
Sys1 76354326,0,2,2,2,0,1,1,0,130
Sys1 12456622,0,2,2,2,0,1,1,0,130
PC1 90605056,0,2,2,2,0,0,1,0,130
PC1 94299028,0,2,2,2,0,0,1,0,130
PC1 58420842,0,2,2,2,0,0,1,0,130
PC1 92151486,0,2,2,2,0,0,1,0,130
PC1 83244463,0,2,2,2,0,0,1,0,130
PC1 5733526,0,2,2,2,0,0,1,0,130
PC1 36597434,0,2,2,2,0,0,1,0,130
PC1 77328514,0,2,2,2,0,0,1,0,130
Sys1 32259381,0,2,2,2,0,1,1,0,130
Sys1 94097561,0,2,2,2,0,1,1,0,130
PC1 45108454,0,2,2,2,0,0,1,0,130
PC1 88135709,0,2,2,2,0,0,1,0,130
Sys1 88249196,0,2,2,2,0,1,1,0,130
PC1 2549274,0,2,2,2,0,0,1,0,130
Sys1 7837009,0,2,2,2,0,1,1,0,130
PC1 97618456,0,2,2,2,0,0,1,0,130
Sys1 26879763,0,2,2,2,0,1,1,0,130
PC1 49626214,0,2,2,2,0,0,1,0,130
PC1 70377631,0,2,2,2,0,0,1,0,130
PC1 62226561,0,2,2,2,0,0,1,0,130
PC1 44358463,0,2,2,2,0,0,1,0,130
PC1 20879471,0,2,2,2,0,0,1,0,130
Sys1 95558561,0,2,2,2,0,1,1,0,130
PC1 34563850,0,2,2,2,0,0,1,0,130
PC1 58023440,0,2,2,2,0,0,1,0,130
Sys1 18789813,0,2,2,2,0,1,1,0,130
Sys1 53774584,0,2,2,2,0,1,1,0,130
PC1 38403830,0,2,2,2,0,0,1,0,130
PC1 64635296,0,2,2,2,0,0,1,0,130
PC1 14123553,0,2,2,2,0,0,1,0,130
Sys1 35930232,0,2,2,2,0,1,1,0,130
PC1 11022043,0,2,2,2,0,0,1,0,130
PC1 35848304,0,2,2,2,0,0,1,0,130
PC1 87841061,0,2,2,2,0,0,1,0,130
PC1 89693390,0,2,2,2,0,0,1,0,130
Sys1 77271011,0,2,2,2,0,1,1,0,130
Sys1 88561204,0,2,2,2,0,1,1,0,130
PC1 82438244,0,2,2,2,0,0,1,0,130
Sys1 49226956,0,2,2,2,0,1,1,0,130
Sys1 17322419,0,2,2,2,0,1,1,0,130
