createdate,modifieddate,ReconciliationRuleId,Diff
1726470802,1726934935,110,464133
1726652504,1726934935,110,282431
1726470800,1726934935,110,464135
1726653061,1726934935,110,281874
1726653069,1726934935,110,281866
1726475518,1726934935,110,459417
1726926702,1726934935,130,8233
1726470796,1726934935,110,464139
1726470805,1726934935,110,464130
1726470800,1726934935,110,464135
1726475511,1726934935,110,459424
1726475514,1726934935,110,459421
1726475516,1726934935,110,459419
1726653056,1726934935,110,281879
1726470807,1726934935,110,464128
1726653066,1726934935,110,281869
1726470808,1726934935,110,464127
1726475511,1726934935,110,459424
1726475519,1726934935,110,459416
1726901698,1726934935,110,33237
1726475517,1726934935,110,459418
1726475508,1726934935,110,459427
1726470800,1726934935,110,464135
1726652502,1726934935,110,282433
1726470802,1726934935,110,464133
1726653058,1726934935,110,281877
1726470796,1726934935,110,464139
1726475508,1726934935,110,459427
1726476418,1726934935,110,458517
1726470808,1726934935,110,464127
1726470802,1726934935,110,464133
1726901675,1726934935,110,33260
1726476418,1726934935,110,458517
1726475518,1726934935,110,459417
1726470808,1726934935,110,464127
1726476041,1726934935,110,458894
1726652499,1726934935,110,282436
1726475516,1726934935,110,459419
1726652502,1726934935,110,282433
1726470796,1726934935,110,464139
1726470810,1726934935,110,464125
1726653059,1726934935,110,281876
1726901684,1726934935,110,33251
1726901689,1726934936,110,33247
1726901677,1726934936,110,33259
1726748039,1726934935,110,186896
1726475879,1726934935,110,459056
1726653063,1726934936,110,281873
1726652500,1726934936,110,282436
1726652497,1726934936,110,282439
1726475520,1726934936,110,459416
1726653066,1726934936,110,281870
1726901667,1726934935,110,33268
1726901673,1726934935,110,33262
1726901682,1726934936,110,33254
1726901700,1726934936,110,33236
1726901669,1726934936,110,33267
1726901671,1726934936,110,33265
1726901683,1726934936,110,33253
1726901685,1726934936,110,33251
1726901693,1726934936,110,33243
1726901678,1726934936,110,33258
1726901691,1726934936,110,33245
1726901693,1726934936,110,33243
1726901680,1726934936,110,33256
1726901692,1726934936,110,33244
1726901682,1726934936,110,33254
1726901679,1726934936,110,33257
1726901675,1726934936,110,33261
1726901682,1726934936,110,33254
1726901677,1726934936,110,33259
1726901687,1726934936,110,33249
1726901665,1726934936,110,33271
1726901687,1726934936,110,33249
1726901697,1726934936,110,33239
1726901663,1726934936,110,33273
1726901669,1726934936,110,33267
1726901663,1726934936,110,33273
1726901663,1726934936,110,33273
1726901674,1726934936,110,33262
1726901688,1726934936,110,33248
1726901704,1726934936,110,33232
1726901675,1726934936,110,33261
1726901699,1726934936,110,33237
1726901702,1726934936,110,33234
1726901671,1726934936,110,33265
1726901703,1726934936,110,33233
1726901689,1726934936,110,33247
1726901670,1726934936,110,33266
1726901665,1726934936,110,33271
1726901685,1726934936,110,33251
1726901702,1726934936,110,33234
1726901673,1726934936,110,33263
1726926712,1726934936,130,8224
1726926695,1726934936,130,8241
1726926704,1726934936,130,8232
1726926687,1726934936,130,8249
1726901684,1726934936,110,33252
1726901702,1726934936,110,33234
1726901687,1726934936,110,33249
1726901676,1726934936,110,33260
1726901671,1726934936,110,33265
1726901697,1726934936,110,33239
1726901674,1726934936,110,33262
1726926696,1726934936,130,8240
1726926708,1726934936,130,8228
1726926698,1726934936,130,8238
1726924124,1726934936,130,10812
1726926714,1726934936,130,8222
1726926698,1726934936,130,8238
1726926712,1726934936,130,8224
1726901696,1726934936,110,33240
1726901681,1726934936,110,33255
1726926719,1726934936,130,8217
1726926704,1726934936,130,8232
1726926694,1726934936,130,8242
1726926702,1726934936,130,8234
1726901686,1726934936,110,33250
1726926693,1726934936,130,8243
1726926710,1726934936,130,8226
1726926710,1726934936,130,8226
1726926698,1726934936,130,8238
1726926696,1726934936,130,8240
1726926689,1726934936,130,8247
1726926706,1726934936,130,8230
1726926712,1726934936,130,8224
1726926696,1726934936,130,8240
1726926694,1726934936,130,8242
1726926698,1726934936,130,8238
1726926689,1726934936,130,8247
1726926704,1726934936,130,8232
1726926702,1726934936,130,8234
1726901695,1726934936,110,33241
1726901676,1726934936,110,33260
1726926708,1726934936,130,8228
1726926709,1726934936,130,8227
1726926700,1726934936,130,8236
1726926702,1726934936,130,8234
1726926706,1726934936,130,8230
1726924294,1726934936,130,10642
1726926702,1726934936,130,8234
1726926712,1726934936,130,8224
1726926714,1726934936,130,8222
1726926704,1726934936,130,8232
1726926714,1726934936,130,8222
1726926694,1726934936,130,8242
1726926700,1726934936,130,8236
1726926716,1726934936,130,8220
1726926700,1726934936,130,8236
1726926704,1726934936,130,8232
1726926708,1726934936,130,8228
1726926700,1726934936,130,8236
1726926708,1726934936,130,8228
1726926717,1726934936,130,8219
1726926693,1726934936,130,8243
1726926710,1726934936,130,8226
1726926708,1726934936,130,8228
1726926716,1726934936,130,8220
1726926704,1726934936,130,8232
1726926706,1726934936,130,8230
1726926717,1726934936,130,8219
1726926710,1726934936,130,8226
1726926706,1726934936,130,8230
1726926712,1726934936,130,8224
1726926716,1726934936,130,8220
1726926708,1726934936,130,8228
1726926701,1726934936,130,8235
1726926695,1726934936,130,8241
1726926696,1726934936,130,8240
1726926704,1726934936,130,8232
1726926700,1726934936,130,8236
1726926716,1726934936,130,8220
1726926708,1726934937,130,8229
1726926691,1726934937,130,8246
1726926716,1726934937,130,8221
1726926714,1726934937,130,8223
1726926706,1726934937,130,8231
1726926706,1726934936,130,8230
1726926700,1726934936,130,8236
1726926710,1726934936,130,8226
1726926694,1726934937,130,8243
1726926702,1726934937,130,8235
1726926718,1726934937,130,8219
1726926689,1726934937,130,8248
1726926710,1726934936,130,8226
1726926714,1726934936,130,8222
1726926714,1726934936,130,8222
1726926708,1726934937,130,8229
1726926718,1726934937,130,8219
1726926702,1726934937,130,8235
1726926710,1726934936,130,8226
1726926698,1726934937,130,8239
1726926716,1726934937,130,8221
1726926708,1726934937,130,8229
1726926712,1726934937,130,8225
1726926696,1726934937,130,8241
1726926712,1726934937,130,8225
1726926698,1726934937,130,8239
1726926696,1726934937,130,8241
1726926696,1726934937,130,8241
1726926712,1726934937,130,8225
1726926692,1726934937,130,8245
1726926696,1726934937,130,8241
1726926716,1726934937,130,8221
1726926708,1726934937,130,8229
1726926697,1726934937,130,8240
1726926716,1726934937,130,8221
1726926700,1726934937,130,8237
1726926714,1726934937,130,8223
1726926712,1726934937,130,8225
1726926700,1726934937,130,8237
1726470803,1726934935,110,464132
1726652497,1726934935,110,282438
1726470805,1726934935,110,464130
1726475508,1726934935,110,459427
1726470805,1726934935,110,464130
1726470805,1726934935,110,464130
1726652494,1726934935,110,282441
1726475513,1726934935,110,459422
1726470800,1726934935,110,464135
1726652494,1726934935,110,282441
1726475508,1726934935,110,459427
1726475516,1726934935,110,459419
1726901697,1726934935,110,33238
1726476041,1726934935,110,458894
1726475513,1726934935,110,459422
1726901680,1726934936,110,33256
1726901693,1726934936,110,33243
1727181097,1727181498,100,401
1726901684,1726934935,110,33251
1726901663,1726934936,110,33273
1726901690,1726934936,110,33246
1726901665,1726934936,110,33271
1726901691,1726934936,110,33245
1726901678,1726934936,110,33258
1726901701,1726934936,110,33235
1726901663,1726934936,110,33273
1726901669,1726934936,110,33267
1726901673,1726934936,110,33263
1727181109,1727181495,100,386
1727181113,1727181496,100,383
1726470796,1726934935,110,464139
1726926689,1726934936,130,8247
1727181121,1727181495,100,374
1727181123,1727181495,100,372
1727181125,1727181492,100,367
1727181126,1727181496,100,370
1727181135,1727181494,100,359
1727181130,1727181497,100,367
1726901665,1726934936,110,33271
1727181137,1727181498,100,361
1726926691,1726934937,130,8246
1727181146,1727181497,100,351
1727181147,1727181494,100,347
1727181155,1727181494,100,339
1726475511,1726934935,110,459424
1727181164,1727181495,100,331
1727181167,1727181493,100,326
1727181168,1727181494,100,326
1727181169,1727181493,100,324
1727181170,1727181495,100,325
1727181172,1727181492,100,320
1727181173,1727181499,100,326
1727181174,1727181494,100,320
1727181176,1727181498,100,322
1727181178,1727181496,100,318
1727181181,1727181493,100,312
1727181182,1727181493,100,311
1727181184,1727181497,100,313
1726936773,1726939000,120,2227
1727181191,1727181493,100,302
1727181197,1727181495,100,298
1727180260,1727180668,130,408
1726901702,1726934936,110,33234
1727181196,1727181495,100,299
1727181201,1727181496,100,295
1727181204,1727181496,100,292
1727181207,1727181494,100,287
1726901686,1726934936,110,33250
1727181208,1727181498,100,290
1727181210,1727181499,100,289
1726936775,1726938998,120,2223
1726901695,1726934936,110,33241
1727181213,1727181494,100,281
1727181215,1727181492,100,277
1727181216,1727181496,100,280
1727181217,1727181493,100,276
1727181218,1727181498,100,280
1727181220,1727181499,100,279
1727181224,1727181499,100,275
1727181223,1727181498,100,275
1727181228,1727181495,100,267
1726901667,1726934936,110,33269
1727181236,1727181496,100,260
1727181238,1727181496,100,258
1726901683,1726934936,110,33253
1727181241,1727181498,100,257
1727181243,1727181496,100,253
1727181243,1727181494,100,251
1727181244,1727181497,100,253
1727181246,1727181494,100,248
1727181249,1727181497,100,248
1727181251,1727181498,100,247
1727181260,1727181497,100,237
1727181262,1727181498,100,236
1726653064,1726934935,110,281871
1727181271,1727181496,100,225
1727181274,1727181497,100,223
1727181274,1727181493,100,219
1727181279,1727181494,100,215
1727181281,1727181494,100,213
1727180281,1727180670,130,389
1727181288,1727181492,100,204
1727181290,1727181493,100,203
1727181291,1727181498,100,207
1727180305,1727180670,130,365
1727181295,1727181497,100,202
1727181297,1727181494,100,197
1727180311,1727180669,130,358
1727181302,1727181496,100,194
1727181306,1727181498,100,192
1727181309,1727181494,100,185
1727181314,1727181497,100,183
1727181315,1727181498,100,183
1727180331,1727180669,130,338
1727181317,1727181494,100,177
1727181319,1727181493,100,174
1727181322,1727181498,100,176
1727180359,1727180668,130,309
1727181326,1727181495,100,169
1727181330,1727181497,100,167
1727181119,1727181499,100,380
1727181301,1727181499,100,198
1726653056,1726934936,110,281880
1726901690,1726934935,110,33245
1726926699,1726934937,130,8238
1726901667,1726934935,110,33268
1726901704,1726934935,110,33231
1726475879,1726934935,110,459056
1726475518,1726934935,110,459417
1726901667,1726934936,110,33269
1726936776,1726938998,120,2222
1726936777,1726938998,120,2221
1726936777,1726938998,120,2221
1727181075,1727181499,100,424
1727180354,1727180663,130,309
1727180171,1727180663,130,492
1727180183,1727180663,130,480
1727180334,1727180663,130,329
1727180262,1727180663,130,401
1727180150,1727180663,130,513
1727180149,1727180663,130,514
1726814419,1726901872,110,87453
1727180319,1727180663,130,344
1726936779,1726938998,120,2219
1727180245,1727180663,130,418
1726926706,1726934936,130,8230
1727180164,1727180666,130,502
1727180212,1727180667,130,455
1726936779,1726938998,120,2219
1727180311,1727180663,130,352
1727180378,1727180663,130,285
1726936779,1726938997,120,2218
1726901672,1726934936,110,33264
1726926699,1726934937,130,8238
1726936779,1726938999,120,2220
1726901692,1726934936,110,33244
1726936779,1726938998,120,2219
1726901667,1726934936,110,33269
1726936779,1726938999,120,2220
1727180395,1727180663,130,268
1727180339,1727180663,130,324
1727180310,1727180664,130,354
1727181191,1727181493,100,302
1727180238,1727180664,130,426
1726926685,1726934936,130,8251
1726926685,1726934936,130,8251
1726470800,1726934935,110,464135
1726475513,1726934935,110,459422
1726470796,1726934935,110,464139
1726475511,1726934935,110,459424
1727180362,1727180664,130,302
1727180307,1727180664,130,357
1727180166,1727180664,130,498
1726936780,1726938998,120,2218
1727180341,1727180664,130,323
1727181253,1727181494,100,241
1727181256,1727181494,100,238
1727181294,1727181494,100,200
1727180151,1727180664,130,513
1726475511,1726934936,110,459425
1727180339,1727180664,130,325
1726470808,1726934935,110,464127
1726652505,1726934935,110,282430
1726936781,1726938997,120,2216
1727180249,1727180664,130,415
1726926689,1726934937,130,8248
1727180290,1727180664,130,374
1726926702,1726934936,130,8234
1727181305,1727181496,100,191
1726936781,1726938997,120,2216
1726926701,1726934937,130,8236
1726901694,1726934936,110,33242
1727180330,1727180667,130,337
1727180167,1727180664,130,497
1727180256,1727180664,130,408
1727180232,1727180667,130,435
1727180215,1727180664,130,449
1727180173,1727180664,130,491
1726901689,1726934936,110,33247
1727180182,1727180664,130,482
1727180155,1727180664,130,509
1726901700,1726934936,110,33236
1727180254,1727180664,130,410
1727180326,1727180664,130,338
1727180221,1727180664,130,443
1726936783,1726938998,120,2215
1726936782,1726938997,120,2215
1727180323,1727180664,130,341
1727181212,1727181496,100,284
1726936783,1726938998,120,2215
1727180346,1727180664,130,318
1727180259,1727180664,130,405
1726936783,1726938998,120,2215
1726936783,1726938999,120,2216
1726936783,1726938998,120,2215
1727181158,1727181497,100,339
1726926689,1726934937,130,8248
1726926689,1726934936,130,8247
1726926689,1726934936,130,8247
1727180201,1727180664,130,463
1727180204,1727180664,130,460
1726926689,1726934936,130,8247
1727180155,1727180664,130,509
1726936785,1726938998,120,2213
1727180395,1727180664,130,269
1726936784,1726938998,120,2214
1727180140,1727180667,130,527
1727180168,1727180667,130,499
1726475509,1726934935,110,459426
1726475521,1726934935,110,459414
1727180212,1727180664,130,452
1726926704,1726934936,130,8232
1726926689,1726934936,130,8247
1726926704,1726934937,130,8233
1726936785,1726938999,120,2214
1726901694,1726934935,110,33241
1726936785,1726938998,120,2213
1727180207,1727180664,130,457
1727180183,1727180664,130,481
1727180320,1727180664,130,344
1726936785,1726938997,120,2212
1726901688,1726934936,110,33248
1727180234,1727180664,130,430
1727181219,1727181494,100,275
1727181153,1727181496,100,343
1726470803,1726934935,110,464132
1727180374,1727180664,130,290
1726901700,1726934936,110,33236
1727180160,1727180664,130,504
1727180214,1727180664,130,450
1727180324,1727180664,130,340
1727180198,1727180664,130,466
1727180165,1727180664,130,499
1727180369,1727180664,130,295
1727180230,1727180664,130,434
1727181129,1727181496,100,367
1726936786,1726938998,120,2212
1727180310,1727180664,130,354
1726936786,1726938997,120,2211
1727180347,1727180665,130,318
1727180335,1727180665,130,330
1727180258,1727180665,130,407
1727180247,1727180665,130,418
1727180363,1727180665,130,302
1727180272,1727180665,130,393
1727180309,1727180665,130,356
1727180289,1727180667,130,378
1726936787,1726938998,120,2211
1727180392,1727180668,130,276
1727180337,1727180665,130,328
1727180268,1727180665,130,397
1727181108,1727181496,100,388
1726475515,1726934935,110,459420
1727180293,1727180665,130,372
1727180329,1727180665,130,336
1727180218,1727180665,130,447
1727180236,1727180665,130,429
1727180191,1727180665,130,474
1726901669,1726934936,110,33267
1727180147,1727180665,130,518
1727180296,1727180665,130,369
1727180220,1727180668,130,448
1727180291,1727180668,130,377
1726901696,1726934936,110,33240
1727180188,1727180665,130,477
1726926710,1726934936,130,8226
1726901665,1726934935,110,33270
1727180223,1727180668,130,445
1727180372,1727180665,130,293
1727180341,1727180665,130,324
1726936789,1726938999,120,2210
1727180219,1727180665,130,446
1726926692,1726934937,130,8245
1727180231,1727180665,130,434
1727180214,1727180665,130,451
1727181144,1727181498,100,354
1726926692,1726934936,130,8244
1727180344,1727180665,130,321
1727180273,1727180665,130,392
1727180371,1727180665,130,294
1727180180,1727180665,130,485
1726926691,1726934936,130,8245
1727180303,1727180665,130,362
1727180352,1727180665,130,313
1727180361,1727180665,130,304
1727180205,1727180665,130,460
1727180226,1727180665,130,439
1726936789,1726938998,120,2209
1726936789,1726938997,120,2208
1727180227,1727180665,130,438
1727180153,1727180668,130,515
1727180394,1727180665,130,271
1727180383,1727180665,130,282
1727180178,1727180665,130,487
1727180253,1727180665,130,412
1727180249,1727180665,130,416
1726926691,1726934936,130,8245
1727180269,1727180665,130,396
1726936790,1726938997,120,2207
1726936790,1726938998,120,2208
1727180224,1727180665,130,441
1726926691,1726934936,130,8245
1727180186,1727180665,130,479
1726936790,1726938999,120,2209
1727180316,1727180665,130,349
1727180285,1727180665,130,380
1726936790,1726938997,120,2207
1726936791,1726939000,120,2209
1726936791,1726938998,120,2207
1726936791,1726938999,120,2208
1726936791,1726938999,120,2208
1726936792,1726938998,120,2206
1726936792,1726938999,120,2207
1726936793,1726938998,120,2205
1727180340,1727180665,130,325
1726926691,1726934936,130,8245
1726936793,1726938998,120,2205
1726901695,1726934936,110,33241
1726936793,1726938998,120,2205
1727180194,1727180666,130,472
1726926710,1726934936,130,8226
1726926692,1726934937,130,8245
1727180274,1727180665,130,391
1726936794,1726938997,120,2203
1727180313,1727180668,130,355
1727180301,1727180665,130,364
1726936795,1726938998,120,2203
1726936795,1726938998,120,2203
1726936795,1726938998,120,2203
1727180135,1727180666,130,531
1726926694,1726934936,130,8242
1726926693,1726934936,130,8243
1726936796,1726938997,120,2201
1726936797,1726938998,120,2201
1726936798,1726938998,120,2200
1727176515,1727177653,120,1138
1726936798,1726938998,120,2200
1726901680,1726934936,110,33256
1726926693,1726934936,130,8243
1726926694,1726934936,130,8242
1726936799,1726938999,120,2200
1726901691,1726934935,110,33244
1726936799,1726938997,120,2198
1726936800,1726938998,120,2198
1726901672,1726934936,110,33264
1727180321,1727180670,130,349
1726936800,1726938997,120,2197
1726936800,1726938997,120,2197
1726936801,1726938998,120,2197
1726901698,1726934935,110,33237
1727180188,1727180665,130,477
1726936800,1726938999,120,2199
1726901680,1726934936,110,33256
1726936801,1726938998,120,2197
1726936802,1726938998,120,2196
1727180386,1727180666,130,280
1727180345,1727180663,130,318
1726936802,1726938997,120,2195
1726936803,1726938998,120,2195
1727180141,1727180666,130,525
1727180222,1727180666,130,444
1727180154,1727180666,130,512
1727180391,1727180667,130,276
1727180332,1727180667,130,335
1727180232,1727180666,130,434
1727180294,1727180666,130,372
1727180388,1727180666,130,278
1727180309,1727180666,130,357
1727180345,1727180667,130,322
1727180235,1727180666,130,431
1727180191,1727180666,130,475
1727180167,1727180666,130,499
1727180178,1727180668,130,490
1727180133,1727180666,130,533
1727180217,1727180668,130,451
1727180184,1727180668,130,484
1727180355,1727180666,130,311
1727180199,1727180669,130,470
1726936798,1726938998,120,2200
1726936786,1726939000,120,2214
1726936779,1726939000,120,2221
1726936785,1726939000,120,2215
1726936775,1726939000,120,2225
1727180283,1727180669,130,386
1727180370,1727180666,130,296
1727180192,1727180666,130,474
1726936796,1726939000,120,2204
1727180342,1727180666,130,324
1727180157,1727180666,130,509
1727180146,1727180666,130,520
1727180342,1727180666,130,324
1727180173,1727180666,130,493
1727180350,1727180666,130,316
1727180190,1727180669,130,479
1727180137,1727180666,130,529
1727180393,1727180666,130,273
1727180218,1727180666,130,448
1727180190,1727180666,130,476
1727180343,1727180666,130,323
1727180295,1727180666,130,371
1727180299,1727180666,130,367
1727180134,1727180666,130,532
1727180376,1727180669,130,293
1727180203,1727180666,130,463
1727180228,1727180666,130,438
1727180352,1727180666,130,314
1727180229,1727180666,130,437
1727180390,1727180666,130,276
1727180288,1727180666,130,378
1727180360,1727180666,130,306
1726936785,1726938998,120,2213
1726936769,1726938998,120,2229
1726936780,1726938999,120,2219
1727180282,1727180666,130,384
1727180375,1727180666,130,291
1727180134,1727180666,130,532
1727180175,1727180666,130,491
1727180270,1727180666,130,396
1727180209,1727180666,130,457
1727180184,1727180666,130,482
1727180307,1727180666,130,359
1727180288,1727180666,130,378
1727180350,1727180666,130,316
1727180271,1727180666,130,395
1727180263,1727180666,130,403
1727180272,1727180666,130,394
1727180152,1727180666,130,514
1727180364,1727180666,130,302
1727180353,1727180666,130,313
1727180175,1727180666,130,491
1727180335,1727180666,130,331
1726926706,1726934936,130,8230
1727180235,1727180666,130,431
1727180156,1727180666,130,510
1727180198,1727180666,130,468
1727180298,1727180666,130,368
1727180338,1727180666,130,328
1727180302,1727180666,130,364
1726934424,1726938686,130,4262
1727180296,1727180666,130,370
1727180367,1727180666,130,299
1727180165,1727180666,130,501
1727180144,1727180666,130,522
1727180259,1727180666,130,407
1727180247,1727180666,130,419
1727180279,1727180666,130,387
1726926687,1726934936,130,8249
1727180313,1727180666,130,353
1726926698,1726934936,130,8238
1727180349,1727180666,130,317
1727180196,1727180666,130,470
1727180162,1727180666,130,504
1727180239,1727180666,130,427
1727180322,1727180666,130,344
1727180216,1727180666,130,450
1727180230,1727180666,130,436
1727180241,1727180666,130,425
1727180163,1727180666,130,503
1727180295,1727180666,130,371
1727180169,1727180666,130,497
1727180160,1727180666,130,506
1727180371,1727180666,130,295
1727180316,1727180666,130,350
1727180207,1727180666,130,459
1727180348,1727180666,130,318
1727180194,1727180666,130,472
1727180180,1727180666,130,486
1727180317,1727180666,130,349
1727180197,1727180666,130,469
1727180205,1727180666,130,461
1727180243,1727180666,130,423
1727180334,1727180666,130,332
1727180225,1727180666,130,441
1727180268,1727180666,130,398
1726936774,1726938998,120,2224
1727180202,1727180666,130,464
1727180368,1727180666,130,298
1727180377,1727180666,130,289
1727180270,1727180666,130,396
1727180385,1727180666,130,281
1727180231,1727180666,130,435
1727180137,1727180666,130,529
1727180203,1727180666,130,463
1727180390,1727180666,130,276
1727180195,1727180666,130,471
1727180394,1727180666,130,272
1726901699,1726934936,110,33237
1727180163,1727180666,130,503
1727180375,1727180666,130,291
1726926698,1726938278,130,11580
1726926697,1726934936,130,8239
1727180396,1727180667,130,271
1727180201,1727180667,130,466
1727180330,1727180667,130,337
1727180285,1727180667,130,382
1727180322,1727180667,130,345
1727180373,1727180667,130,294
1727165965,1727177653,120,11688
1727175966,1727177654,120,1688
1727175963,1727177654,120,1691
1727175972,1727177652,120,1680
1727176289,1727177652,120,1363
1727176289,1727177654,120,1365
1727176292,1727177654,120,1362
1727176295,1727177655,120,1360
1727176317,1727177653,120,1336
1727176316,1727177655,120,1339
1727176303,1727177655,120,1352
1727176303,1727177656,120,1353
1727176308,1727177653,120,1345
1727176309,1727177654,120,1345
1727176310,1727177657,120,1347
1727176314,1727177652,120,1338
1727176313,1727177655,120,1342
1727176327,1727177655,120,1328
1727176334,1727177652,120,1318
1727176338,1727177652,120,1314
1727176336,1727177654,120,1318
1727176341,1727177657,120,1316
1727176346,1727177653,120,1307
1727176347,1727177654,120,1307
1727176354,1727177652,120,1298
1727176465,1727177657,120,1192
1727176466,1727177655,120,1189
1727176469,1727177655,120,1186
1727176479,1727177655,120,1176
1727176482,1727177656,120,1174
1727176484,1727177655,120,1171
1727176487,1727177653,120,1166
1727176497,1727177654,120,1157
1727176503,1727177651,120,1148
1727176506,1727177652,120,1146
1727176509,1727177653,120,1144
1727176510,1727177656,120,1146
1727176513,1727177651,120,1138
1727176515,1727177652,120,1137
1727176533,1727177654,120,1121
1727176524,1727177652,120,1128
1727176542,1727177652,120,1110
1726926704,1726934936,130,8232
1727176560,1727177654,120,1094
1726926706,1726934936,130,8230
1727181164,1727181491,100,327
1727181103,1727181491,100,388
1727176447,1727177651,120,1204
1727176539,1727177651,120,1112
1727165965,1727177653,120,11688
1726926706,1726934936,130,8230
1727176353,1727177653,120,1300
1727176374,1727177653,120,1279
1727176403,1727177653,120,1250
1727176323,1727177653,120,1330
1727176379,1727177654,120,1275
1727176299,1727177656,120,1357
1727176530,1727177654,120,1124
1727175965,1727177654,120,1689
1727176406,1727177654,120,1248
1727176564,1727177654,120,1090
1727176520,1727177655,120,1135
1727181267,1727181496,100,229
1727176421,1727177656,120,1235
1727176355,1727177654,120,1299
1727176516,1727177655,120,1139
1727176480,1727177656,120,1176
1727176291,1727177656,120,1365
1726926712,1726934936,130,8224
1727176380,1727177656,120,1276
1727176373,1727177654,120,1281
1727176324,1727177653,120,1329
1727176476,1727177654,120,1178
1727176460,1727177656,120,1196
1727175970,1727177653,120,1683
1727176454,1727177654,120,1200
1727176551,1727177655,120,1104
1727176544,1727177653,120,1109
1727176400,1727177655,120,1255
1727176566,1727177656,120,1090
1727176392,1727177657,120,1265
1727176430,1727177657,120,1227
1727176407,1727177658,120,1251
1727176569,1727177656,120,1087
1727176439,1727177658,120,1219
1727176488,1727177655,120,1167
1726926714,1726934936,130,8222
1726926714,1726934936,130,8222
1726926714,1726934936,130,8222
1727176425,1727177652,120,1227
1727179010,1727179477,110,467
1727176371,1727177653,120,1282
1727181161,1727181491,100,330
1727176474,1727177651,120,1177
1727181163,1727181491,100,328
1727181154,1727181491,100,337
1727181253,1727181491,100,238
1727181249,1727181492,100,243
1727181079,1727181492,100,413
1727181079,1727181492,100,413
1727181190,1727181492,100,302
1727181239,1727181492,100,253
1727181128,1727181492,100,364
1726926718,1726934936,130,8218
1727181205,1727181492,100,287
1727181170,1727181492,100,322
1726926719,1726934936,130,8217
1727181300,1727181492,100,192
1726926718,1726934936,130,8218
1727181190,1727181492,100,302
1727181242,1727181492,100,250
1727181122,1727181492,100,370
1727181272,1727181492,100,220
1727181126,1727181492,100,366
1727181113,1727181492,100,379
1727181287,1727181492,100,205
1727181132,1727181492,100,360
1727181327,1727181492,100,165
1727181220,1727181492,100,272
1727181237,1727181492,100,255
1727181316,1727181492,100,176
1727181127,1727181492,100,365
1727181156,1727181492,100,336
1727181160,1727181492,100,332
1727181257,1727181492,100,235
1727181300,1727181492,100,192
1727181089,1727181493,100,404
1727181088,1727181493,100,405
1727181174,1727181493,100,319
1727181128,1727181493,100,365
1727181125,1727181493,100,368
1727181250,1727181493,100,243
1727181296,1727181493,100,197
1727181329,1727181493,100,164
1727181266,1727181493,100,227
1727181096,1727181493,100,397
1727181109,1727181493,100,384
1727181087,1727181493,100,406
1727181196,1727181493,100,297
1727181194,1727181493,100,299
1727181185,1727181493,100,308
1727181102,1727181493,100,391
1727181082,1727181493,100,411
1727181291,1727181493,100,202
1727181095,1727181493,100,398
1727181155,1727181493,100,338
1727181324,1727181493,100,169
1727181127,1727181493,100,366
1727181311,1727181493,100,182
1727181105,1727181493,100,388
1727181299,1727181494,100,195
1727181206,1727181494,100,288
1727181311,1727181494,100,183
1727181273,1727181494,100,221
1727181268,1727181494,100,226
1727181240,1727181494,100,254
1727181281,1727181494,100,213
1727181089,1727181494,100,405
1727181180,1727181494,100,314
1727181217,1727181494,100,277
1727181283,1727181494,100,211
1727181188,1727181494,100,306
1727181313,1727181494,100,181
1727181083,1727181494,100,411
1727181200,1727181494,100,294
1727181094,1727181494,100,400
1727181209,1727181494,100,285
1727181159,1727181494,100,335
1727181080,1727181494,100,414
1727181185,1727181494,100,309
1727181221,1727181494,100,273
1727181143,1727181494,100,351
1727181129,1727181494,100,365
1727181177,1727181494,100,317
1727181084,1727181494,100,410
1727181116,1727181495,100,379
1727181114,1727181495,100,381
1727181142,1727181495,100,353
1727181299,1727181495,100,196
1727181239,1727181496,100,257
1727181114,1727181496,100,382
1727181133,1727181496,100,363
1727181286,1727181496,100,210
1727181210,1727181496,100,286
1727181099,1727181496,100,397
1727181258,1727181496,100,238
1727181247,1727181496,100,249
1727181225,1727181496,100,271
1727181327,1727181496,100,169
1727181192,1727181497,100,305
1727181100,1727181497,100,397
1727181118,1727181497,100,379
1727181172,1727181497,100,325
1727181252,1727181497,100,245
1727181095,1727181497,100,402
1727180226,1727180668,130,442
1727180362,1727180667,130,305
1727181117,1727181497,100,380
1727181123,1727181497,100,374
1727181141,1727181497,100,356
1727181207,1727181497,100,290
1727181285,1727181497,100,212
1727181267,1727181497,100,230
1727181312,1727181497,100,185
1727181101,1727181497,100,396
1727181270,1727181497,100,227
1727181215,1727181497,100,282
1727181230,1727181497,100,267
1727181165,1727181497,100,332
1727181240,1727181497,100,257
1727181269,1727181497,100,228
1727181272,1727181497,100,225
1727181188,1727181497,100,309
1727181090,1727181497,100,407
1727181165,1727181498,100,333
1727181278,1727181498,100,220
1727181143,1727181498,100,355
1727181189,1727181498,100,309
1727181152,1727181498,100,346
1727181145,1727181498,100,353
1727180217,1727180667,130,450
1727181231,1727181498,100,267
1727181263,1727181498,100,235
1727181120,1727181498,100,378
1727181321,1727181498,100,177
1727181198,1727181498,100,300
1727181277,1727181499,100,222
1727181151,1727181499,100,348
1727181179,1727181499,100,320
1727181293,1727181499,100,206
1727181093,1727181499,100,406
1726936787,1726938997,120,2210
1726936788,1726938997,120,2209
1726936793,1726938997,120,2204
1726936794,1726938997,120,2203
1726936775,1726938997,120,2222
1726936803,1726938997,120,2194
1726936785,1726938997,120,2212
1726936796,1726938997,120,2201
1726936798,1726938997,120,2199
1726936787,1726938997,120,2210
1726936777,1726938997,120,2220
1726936800,1726938997,120,2197
1726936802,1726938997,120,2195
1726936792,1726938997,120,2205
1726936794,1726938997,120,2203
1726936798,1726938997,120,2199
1726936781,1726938997,120,2216
1726936777,1726938998,120,2221
1726936782,1726938998,120,2216
1726936787,1726938998,120,2211
1726936791,1726938998,120,2207
1726936794,1726938998,120,2204
1726936774,1726938997,120,2223
1726936788,1726938997,120,2209
1726936796,1726938998,120,2202
1726936786,1726938998,120,2212
1726936799,1726938998,120,2199
1726936800,1726938998,120,2198
1726936794,1726938998,120,2204
1726936802,1726938998,120,2196
1726936785,1726938998,120,2213
1726936775,1726938998,120,2223
1726936781,1726938998,120,2217
1726936785,1726938998,120,2213
1726936788,1726938998,120,2210
1726936796,1726938998,120,2202
1726936791,1726938998,120,2207
1726936781,1726938998,120,2217
1726936788,1726938998,120,2210
1726936789,1726938998,120,2209
1726936781,1726938998,120,2217
1726936771,1726938998,120,2227
1726936774,1726938998,120,2224
1726936780,1726938998,120,2218
1726936802,1726938998,120,2196
1727178935,1727179480,110,545
1726936794,1726938998,120,2204
1726936789,1726938998,120,2209
1726936800,1726938998,120,2198
1726936777,1726938998,120,2221
1726936787,1726938998,120,2211
1726936777,1726938999,120,2222
1726936760,1726938999,120,2239
1726936775,1726938999,120,2224
1726936778,1726938999,120,2221
1726936794,1726938999,120,2205
1726936776,1726938999,120,2223
1726936783,1726938999,120,2216
1726936789,1726938999,120,2210
1726936778,1726938999,120,2221
1726936793,1726938999,120,2206
1726936781,1726938999,120,2218
1726936798,1726938999,120,2201
1726936793,1726938999,120,2206
1726936777,1726938999,120,2222
1726936782,1726938999,120,2217
1726936775,1726938999,120,2224
1726936779,1726938999,120,2220
1726936787,1726938999,120,2212
1726936803,1726938999,120,2196
1726936797,1726938999,120,2202
1726936777,1726939000,120,2223
1726936802,1726939000,120,2198
1726936775,1726939000,120,2225
1726936792,1726939000,120,2208
1726936796,1726939000,120,2204
1726936797,1726939000,120,2203
1726936783,1726939000,120,2217
1727178966,1727179481,110,515
1727176372,1727177658,120,1286
1727179156,1727179481,110,325
1727176431,1727177656,120,1225
1727179018,1727179481,110,463
1727176301,1727177657,120,1356
1727175960,1727177652,120,1692
1727176456,1727177652,120,1196
1727176341,1727177651,120,1310
1727165965,1727177651,120,11686
1727176392,1727177651,120,1259
1727176548,1727177651,120,1103
1727181097,1727181492,100,395
1727181169,1727181492,100,323
1727181148,1727181492,100,344
1727176423,1727177654,120,1231
1727176522,1727177654,120,1132
1727176366,1727177654,120,1288
1727180233,1727180667,130,434
1727180233,1727180668,130,435
1727180234,1727180669,130,435
1727180237,1727180666,130,429
1727180242,1727180666,130,424
1727180242,1727180667,130,425
1727180240,1727180668,130,428
1727176453,1727177656,120,1203
1727176435,1727177656,120,1221
1727176572,1727177654,120,1082
1727176411,1727177655,120,1244
1727176541,1727177656,120,1115
1727180245,1727180666,130,421
1727176402,1727177655,120,1253
1727176371,1727177656,120,1285
1727176328,1727177656,120,1328
1727180248,1727180668,130,420
1727175967,1727177655,120,1688
1727176306,1727177653,120,1347
1727176422,1727177655,120,1233
1727176478,1727177655,120,1177
1727176305,1727177655,120,1350
1727176473,1727177653,120,1180
1727181178,1727181498,100,320
1727181193,1727181493,100,300
1727181157,1727181493,100,336
1727181179,1727181499,100,320
1727181232,1727181499,100,267
1727181276,1727181499,100,223
1727176357,1727177652,120,1295
1727176411,1727177655,120,1244
1727176391,1727177653,120,1262
1727176428,1727177655,120,1227
1727176384,1727177655,120,1271
1727176409,1727177653,120,1244
1727176497,1727177653,120,1156
1727176462,1727177653,120,1191
1727176441,1727177655,120,1214
1727176294,1727177653,120,1359
1727175966,1727177655,120,1689
1727175962,1727177656,120,1694
1727176290,1727177658,120,1368
1727180253,1727180663,130,410
1727176300,1727177651,120,1351
1727176333,1727177651,120,1318
1727176326,1727177653,120,1327
1727176308,1727177658,120,1350
1727176335,1727177658,120,1323
1727180250,1727180666,130,416
1727176346,1727177651,120,1305
1727176351,1727177655,120,1304
1727176468,1727177656,120,1188
1727176498,1727177655,120,1157
1727176506,1727177656,120,1150
1727176505,1727177656,120,1151
1727176396,1727177656,120,1260
1727176512,1727177656,120,1144
1727176377,1727177657,120,1280
1727176450,1727177657,120,1207
1727176413,1727177657,120,1244
1727180261,1727180665,130,404
1727180251,1727180666,130,415
1727180266,1727180669,130,403
1727180255,1727180664,130,409
1727180261,1727180666,130,405
1727176536,1727177654,120,1118
1727176412,1727177656,120,1244
1727176547,1727177658,120,1111
1727176500,1727177653,120,1153
1727176509,1727177653,120,1144
1727176545,1727177654,120,1109
1727176418,1727177654,120,1236
1727180264,1727180669,130,405
1727165965,1727177651,120,11686
1727175973,1727177651,120,1678
1727176534,1727177651,120,1117
1727176390,1727177651,120,1261
1727176529,1727177651,120,1122
1727176436,1727177651,120,1215
1727176287,1727177651,120,1364
1727176426,1727177651,120,1225
1727176486,1727177651,120,1165
1727176458,1727177651,120,1193
1727176318,1727177651,120,1333
1727176569,1727177651,120,1082
1727176495,1727177651,120,1156
1727176553,1727177651,120,1098
1727176481,1727177651,120,1170
1727176446,1727177651,120,1205
1727176542,1727177651,120,1109
1727176361,1727177651,120,1290
1727176345,1727177652,120,1307
1727176350,1727177651,120,1301
1727176494,1727177651,120,1157
1727176502,1727177651,120,1149
1727176343,1727177651,120,1308
1727176305,1727177652,120,1347
1727176554,1727177651,120,1097
1727176358,1727177651,120,1293
1727176574,1727177652,120,1078
1727176523,1727177652,120,1129
1727176389,1727177652,120,1263
1727176364,1727177652,120,1288
1727176432,1727177652,120,1220
1727176575,1727177652,120,1077
1727176420,1727177652,120,1232
1727176448,1727177652,120,1204
1727176409,1727177652,120,1243
1727176524,1727177652,120,1128
1727175969,1727177652,120,1683
1727176527,1727177652,120,1125
1727176315,1727177652,120,1337
1727176359,1727177652,120,1293
1727176383,1727177652,120,1269
1727176393,1727177652,120,1259
1727176556,1727177652,120,1096
1727176403,1727177652,120,1249
1727176500,1727177652,120,1152
1727176504,1727177652,120,1148
1727176501,1727177652,120,1151
1727176472,1727177652,120,1180
1727176446,1727177652,120,1206
1727176475,1727177652,120,1177
1727176485,1727177652,120,1167
1727176472,1727177652,120,1180
1727176292,1727177652,120,1360
1727176380,1727177652,120,1272
1727176462,1727177652,120,1190
1727176307,1727177652,120,1345
1727176477,1727177652,120,1175
1727176367,1727177652,120,1285
1727176443,1727177652,120,1209
1727176541,1727177652,120,1111
1727176519,1727177652,120,1133
1727176521,1727177652,120,1131
1727176311,1727177652,120,1341
1727176475,1727177652,120,1177
1727176430,1727177652,120,1222
1727176568,1727177652,120,1084
1727176573,1727177652,120,1079
1727176327,1727177652,120,1325
1727176564,1727177652,120,1088
1727176358,1727177652,120,1294
1727176359,1727177652,120,1293
1727176297,1727177652,120,1355
1727176293,1727177652,120,1359
1727176408,1727177652,120,1244
1727176333,1727177652,120,1319
1727176545,1727177652,120,1107
1727176425,1727177652,120,1227
1727176445,1727177652,120,1207
1727181245,1727181496,100,251
1727176377,1727177652,120,1275
1727176493,1727177652,120,1159
1727176374,1727177652,120,1278
1727176518,1727177652,120,1134
1727176565,1727177652,120,1087
1727176319,1727177652,120,1333
1727176526,1727177652,120,1126
1727176388,1727177652,120,1264
1727176543,1727177652,120,1109
1727176512,1727177652,120,1140
1727176496,1727177652,120,1156
1727176310,1727177652,120,1342
1727176537,1727177652,120,1115
1727176304,1727177652,120,1348
1727176508,1727177652,120,1144
1727176558,1727177653,120,1095
1727176363,1727177653,120,1290
1727176417,1727177653,120,1236
1727176350,1727177652,120,1302
1727176301,1727177652,120,1351
1727176383,1727177652,120,1269
1727176439,1727177652,120,1213
1727176434,1727177652,120,1218
1727176338,1727177653,120,1315
1727176375,1727177653,120,1278
1727176549,1727177653,120,1104
1727176570,1727177653,120,1083
1727176574,1727177653,120,1079
1727176360,1727177653,120,1293
1727176331,1727177653,120,1322
1727176457,1727177653,120,1196
1727176291,1727177653,120,1362
1727176321,1727177653,120,1332
1727176532,1727177653,120,1121
1727176296,1727177653,120,1357
1727176452,1727177653,120,1201
1727176489,1727177653,120,1164
1727176469,1727177653,120,1184
1727176458,1727177653,120,1195
1727176427,1727177653,120,1226
1727176313,1727177653,120,1340
1727176363,1727177653,120,1290
1727176426,1727177653,120,1227
1727176388,1727177653,120,1265
1727176424,1727177653,120,1229
1727176294,1727177653,120,1359
1727176314,1727177653,120,1339
1727178966,1727179478,110,512
1727176519,1727177653,120,1134
1727176531,1727177653,120,1122
1727176398,1727177653,120,1255
1727176386,1727177653,120,1267
1727176561,1727177653,120,1092
1727176298,1727177653,120,1355
1727176337,1727177653,120,1316
1727175968,1727177653,120,1685
1727176441,1727177653,120,1212
1727176558,1727177653,120,1095
1727179132,1727179482,110,350
1727176340,1727177653,120,1313
1727176490,1727177653,120,1163
1727176573,1727177653,120,1080
1727176332,1727177653,120,1321
1727176365,1727177653,120,1288
1727176435,1727177653,120,1218
1727176559,1727177653,120,1094
1727176372,1727177653,120,1281
1727176499,1727177653,120,1154
1727176387,1727177653,120,1266
1727176400,1727177653,120,1253
1727176348,1727177653,120,1305
1727176522,1727177653,120,1131
1727176538,1727177653,120,1115
1727176529,1727177653,120,1124
1727176479,1727177653,120,1174
1727176557,1727177653,120,1096
1727176376,1727177653,120,1277
1727176382,1727177653,120,1271
1727176318,1727177653,120,1335
1727176375,1727177653,120,1278
1727176538,1727177653,120,1115
1727176444,1727177653,120,1209
1727176491,1727177653,120,1162
1727176337,1727177653,120,1316
1727176370,1727177653,120,1283
1727176551,1727177653,120,1102
1727176467,1727177653,120,1186
1727176319,1727177653,120,1334
1727176315,1727177653,120,1338
1727176397,1727177653,120,1256
1727176508,1727177653,120,1145
1727176399,1727177653,120,1254
1727176501,1727177653,120,1152
1727176451,1727177653,120,1202
1727176353,1727177653,120,1300
1727176466,1727177653,120,1187
1727176483,1727177653,120,1170
1727176490,1727177653,120,1163
1727176427,1727177653,120,1226
1727176330,1727177653,120,1323
1727176440,1727177653,120,1213
1727176421,1727177653,120,1232
1727176513,1727177653,120,1140
1727176351,1727177653,120,1302
1727176288,1727177653,120,1365
1727176416,1727177654,120,1238
1727176467,1727177654,120,1187
1727176455,1727177654,120,1199
1727176360,1727177653,120,1293
1727176498,1727177653,120,1155
1727176356,1727177654,120,1298
1727176405,1727177654,120,1249
1727176366,1727177654,120,1288
1727176368,1727177654,120,1286
1727176404,1727177653,120,1249
1727176449,1727177654,120,1205
1727176389,1727177654,120,1265
1727176382,1727177654,120,1272
1727176364,1727177654,120,1290
1727176494,1727177653,120,1159
1727176379,1727177653,120,1274
1727176555,1727177654,120,1099
1727176527,1727177654,120,1127
1727176470,1727177654,120,1184
1727176559,1727177654,120,1095
1727176347,1727177654,120,1307
1727176394,1727177654,120,1260
1727176376,1727177654,120,1278
1727176312,1727177654,120,1342
1727176442,1727177654,120,1212
1727176550,1727177654,120,1104
1727176554,1727177654,120,1100
1727176339,1727177654,120,1315
1727176354,1727177654,120,1300
1727176460,1727177654,120,1194
1727176534,1727177654,120,1120
1727176352,1727177654,120,1302
1727176464,1727177654,120,1190
1727176461,1727177654,120,1193
1727176530,1727177654,120,1124
1727176326,1727177654,120,1328
1727176454,1727177654,120,1200
1727176562,1727177654,120,1092
1727176419,1727177654,120,1235
1727176329,1727177654,120,1325
1727176442,1727177654,120,1212
1727176561,1727177654,120,1093
1727175961,1727177654,120,1693
1727176486,1727177654,120,1168
1727176344,1727177654,120,1310
1727176531,1727177654,120,1123
1727176445,1727177654,120,1209
1727176456,1727177654,120,1198
1727176438,1727177654,120,1216
1727176429,1727177654,120,1225
1727176322,1727177654,120,1332
1727176464,1727177654,120,1190
1727176286,1727177654,120,1368
1727176404,1727177654,120,1250
1727176528,1727177654,120,1126
1727176572,1727177654,120,1082
1727176523,1727177654,120,1131
1727176414,1727177654,120,1240
1727176307,1727177654,120,1347
1727176521,1727177654,120,1133
1727175971,1727177654,120,1683
1727176480,1727177654,120,1174
1727165965,1727177654,120,11689
1727176322,1727177654,120,1332
1727176300,1727177654,120,1354
1727176549,1727177654,120,1105
1727176568,1727177654,120,1086
1727176438,1727177654,120,1216
1727176563,1727177654,120,1091
1727176297,1727177654,120,1357
1727176459,1727177654,120,1195
1727176543,1727177654,120,1111
1727176406,1727177654,120,1248
1727176477,1727177654,120,1177
1727176340,1727177654,120,1314
1727176493,1727177654,120,1161
1727176488,1727177654,120,1166
1727176402,1727177654,120,1252
1727176517,1727177654,120,1137
1727176491,1727177654,120,1163
1727176381,1727177654,120,1273
1727176535,1727177654,120,1119
1727176459,1727177654,120,1195
1727176296,1727177654,120,1358
1727175963,1727177654,120,1691
1727175964,1727177654,120,1690
1727176533,1727177654,120,1121
1727176562,1727177654,120,1092
1727175968,1727177654,120,1686
1727176525,1727177654,120,1129
1727176428,1727177654,120,1226
1727176348,1727177654,120,1306
1727176455,1727177654,120,1199
1727176414,1727177654,120,1240
1727176546,1727177654,120,1108
1727176370,1727177654,120,1284
1727176487,1727177654,120,1167
1727176514,1727177654,120,1140
1727176355,1727177654,120,1299
1727176369,1727177654,120,1285
1727176302,1727177654,120,1352
1727176571,1727177655,120,1084
1727176321,1727177655,120,1334
1727176552,1727177654,120,1102
1727176437,1727177654,120,1217
1727176502,1727177654,120,1152
1727176432,1727177654,120,1222
1727176311,1727177654,120,1343
1727176397,1727177654,120,1257
1727176470,1727177655,120,1185
1727176417,1727177655,120,1238
1727176516,1727177655,120,1139
1727176510,1727177655,120,1145
1727176362,1727177655,120,1293
1727176447,1727177655,120,1208
1727176329,1727177655,120,1326
1727176343,1727177655,120,1312
1727176385,1727177655,120,1270
1727179183,1727179479,110,296
1727176567,1727177655,120,1088
1727176449,1727177655,120,1206
1727176504,1727177655,120,1151
1727176495,1727177655,120,1160
1727176335,1727177655,120,1320
1727176395,1727177655,120,1260
1727176390,1727177655,120,1265
1727175973,1727177655,120,1682
1727176420,1727177655,120,1235
1727176444,1727177655,120,1211
1727176436,1727177655,120,1219
1727181322,1727181496,100,174
1727181156,1727181497,100,341
1727176565,1727177655,120,1090
1727176570,1727177655,120,1085
1727181167,1727181497,100,330
1727179128,1727179479,110,351
1727176507,1727177655,120,1148
1727181204,1727181497,100,293
1727176368,1727177655,120,1287
1727176567,1727177655,120,1088
1727176434,1727177655,120,1221
1727176399,1727177655,120,1256
1727176317,1727177655,120,1338
1727176463,1727177655,120,1192
1727176288,1727177656,120,1368
1727176546,1727177656,120,1110
1727176540,1727177656,120,1116
1727175971,1727177656,120,1685
1727180273,1727180664,130,391
1727175960,1727177656,120,1696
1727176304,1727177656,120,1352
1727176320,1727177656,120,1336
1727176401,1727177656,120,1255
1727176332,1727177656,120,1324
1727176418,1727177656,120,1238
1727176356,1727177656,120,1300
1727176331,1727177656,120,1325
1727176415,1727177656,120,1241
1727176539,1727177656,120,1117
1727176386,1727177656,120,1270
1727176422,1727177656,120,1234
1727176394,1727177656,120,1262
1727176431,1727177656,120,1225
1727176415,1727177656,120,1241
1727176342,1727177656,120,1314
1727176536,1727177656,120,1120
1727176492,1727177656,120,1164
1727176526,1727177656,120,1130
1727176550,1727177656,120,1106
1727176407,1727177656,120,1249
1727176505,1727177656,120,1151
1727176384,1727177656,120,1272
1727176537,1727177656,120,1119
1727176410,1727177656,120,1246
1727176556,1727177656,120,1100
1727176328,1727177657,120,1329
1727176482,1727177657,120,1175
1727176471,1727177657,120,1186
1727176367,1727177657,120,1290
1727176378,1727177657,120,1279
1727176342,1727177657,120,1315
1727176393,1727177657,120,1264
1727176547,1727177657,120,1110
1727176474,1727177657,120,1183
1727176325,1727177657,120,1332
1727176362,1727177657,120,1295
1727176423,1727177657,120,1234
1727176396,1727177657,120,1261
1727176557,1727177657,120,1100
1727176299,1727177657,120,1358
1727176433,1727177657,120,1224
1727176452,1727177657,120,1205
1727176484,1727177657,120,1173
1727176349,1727177658,120,1309
1727176413,1727177658,120,1245
1727176553,1727177658,120,1105
1727176410,1727177658,120,1248
1727176511,1727177658,120,1147
1727176518,1727177658,120,1140
1727176483,1727177658,120,1175
1727176345,1727177658,120,1313
1727176336,1727177658,120,1322
1727176451,1727177658,120,1207
1727176324,1727177658,120,1334
1727176463,1727177658,120,1195
1727176349,1727177658,120,1309
1727181136,1727181498,100,362
1727181309,1727181497,100,188
1727181321,1727181497,100,176
1727181152,1727181498,100,346
1727181259,1727181498,100,239
1727181256,1727181498,100,242
1727181296,1727181498,100,202
1727181103,1727181497,100,394
1727181275,1727181497,100,222
1727181091,1727181497,100,406
1727181121,1727181498,100,377
1727181248,1727181498,100,250
1727181206,1727181498,100,292
1727181277,1727181498,100,221
1727181264,1727181495,100,231
1727181102,1727181495,100,393
1727181245,1727181498,100,253
1727181315,1727181498,100,183
1727181161,1727181498,100,337
1727181092,1727181498,100,406
1727181181,1727181498,100,317
1727181122,1727181499,100,377
1727181183,1727181499,100,316
1727181140,1727181499,100,359
1727181163,1727181496,100,333
1727181201,1727181497,100,296
1727181096,1727181497,100,401
1727181149,1727181497,100,348
1727181261,1727181497,100,236
1727180274,1727180664,130,390
1727180275,1727180668,130,393
1727181209,1727181497,100,288
1727181142,1727181498,100,356
1727180276,1727180665,130,389
1727180277,1727180667,130,390
1727180277,1727180667,130,390
1727181282,1727181498,100,216
1727181287,1727181498,100,211
1727181133,1727181498,100,365
1727181199,1727181497,100,298
1727181135,1727181497,100,362
1727181087,1727181498,100,411
1727181233,1727181498,100,265
1727181159,1727181498,100,339
1727181080,1727181498,100,418
1727181115,1727181497,100,382
1727181247,1727181497,100,250
1727181203,1727181499,100,296
1727181138,1727181492,100,354
1727181219,1727181493,100,274
1727181175,1727181493,100,318
1727181230,1727181493,100,263
1727181289,1727181493,100,204
1727181194,1727181493,100,299
1727181211,1727181493,100,282
1727181261,1727181493,100,232
1727181116,1727181493,100,377
1727181235,1727181493,100,258
1727181104,1727181493,100,389
1727181203,1727181493,100,290
1727181148,1727181493,100,345
1727181092,1727181493,100,401
1727181294,1727181493,100,199
1727181147,1727181493,100,346
1727181318,1727181493,100,175
1727181260,1727181493,100,233
1727181118,1727181493,100,375
1727181153,1727181493,100,340
1727181326,1727181493,100,167
1727181307,1727181493,100,186
1727181141,1727181493,100,352
1727181139,1727181493,100,354
1727180278,1727180665,130,387
1727180278,1727180665,130,387
1727181292,1727181493,100,201
1727181226,1727181493,100,267
1727181187,1727181494,100,307
1727181292,1727181494,100,202
1727181189,1727181494,100,305
1727181093,1727181493,100,400
1727181193,1727181493,100,300
1727181235,1727181493,100,258
1727181162,1727181494,100,332
1727181269,1727181494,100,225
1727181314,1727181494,100,180
1727181259,1727181494,100,235
1727181304,1727181494,100,190
1727181150,1727181494,100,344
1727181312,1727181494,100,182
1727181107,1727181494,100,387
1727181083,1727181494,100,411
1727181192,1727181494,100,302
1727181132,1727181494,100,362
1727181313,1727181494,100,181
1727181119,1727181494,100,375
1727181328,1727181494,100,166
1727181229,1727181494,100,265
1727181316,1727181494,100,178
1727181076,1727181494,100,418
1727181151,1727181494,100,343
1727181111,1727181494,100,383
1727181108,1727181494,100,386
1727181293,1727181494,100,201
1727181195,1727181494,100,299
1727181158,1727181494,100,336
1727181134,1727181494,100,360
1727181302,1727181494,100,192
1727181150,1727181494,100,344
1727181136,1727181494,100,358
1727181098,1727181494,100,396
1727181310,1727181494,100,184
1727181236,1727181494,100,258
1727181301,1727181494,100,193
1727181286,1727181494,100,208
1727181111,1727181494,100,383
1727181227,1727181494,100,267
1727181099,1727181494,100,395
1727181262,1727181494,100,232
1727181265,1727181494,100,229
1727181124,1727181494,100,370
1727181138,1727181494,100,356
1727181223,1727181494,100,271
1727181242,1727181494,100,252
1727181077,1727181494,100,417
1727179037,1727179479,110,442
1727179196,1727179479,110,283
1727181234,1727181494,100,260
1727181154,1727181494,100,340
1727181214,1727181494,100,280
1727181310,1727181495,100,185
1727181139,1727181495,100,356
1727181124,1727181495,100,371
1727181273,1727181495,100,222
1727181077,1727181495,100,418
1727181107,1727181495,100,388
1727181320,1727181495,100,175
1727181254,1727181495,100,241
1727181105,1727181495,100,390
1727181264,1727181495,100,231
1727181229,1727181495,100,266
1727181285,1727181495,100,210
1727181198,1727181495,100,297
1727181283,1727181495,100,212
1727181328,1727181495,100,167
1727181091,1727181495,100,404
1727181106,1727181496,100,390
1727181221,1727181496,100,275
1727181284,1727181496,100,212
1727181325,1727181495,100,170
1727181183,1727181496,100,313
1727181298,1727181496,100,198
1727181112,1727181496,100,384
1727181265,1727181496,100,231
1727181101,1727181496,100,395
1727181279,1727181496,100,217
1727181131,1727181496,100,365
1727181231,1727181496,100,265
1727181248,1727181496,100,248
1727181275,1727181496,100,221
1727181226,1727181496,100,270
1727181166,1727181496,100,330
1727181187,1727181496,100,309
1727181268,1727181496,100,228
1727181317,1727181496,100,179
1727181237,1727181496,100,259
1727181288,1727181496,100,208
1727181305,1727181496,100,191
1727178955,1727179479,110,524
1727181104,1727181496,100,392
1727181318,1727181496,100,178
1727181224,1727181496,100,272
1727181218,1727181496,100,278
1727181222,1727181496,100,274
1727181241,1727181496,100,255
1727181304,1727181496,100,192
1727181173,1727181496,100,323
1727181144,1727181496,100,352
1727181329,1727181496,100,167
1727181303,1727181496,100,193
1727181212,1727181496,100,284
1727181234,1727181496,100,262
1727181308,1727181496,100,188
1727181295,1727181496,100,201
1727181202,1727181496,100,294
1727181251,1727181496,100,245
1727181085,1727181496,100,411
1727181323,1727181496,100,173
1727181130,1727181496,100,366
1727181084,1727181496,100,412
1727181276,1727181496,100,220
1727181246,1727181496,100,250
1727181176,1727181496,100,320
1727181140,1727181497,100,357
1727181278,1727181497,100,219
1727179171,1727179480,110,309
1727181146,1727181496,100,350
1727181085,1727181497,100,412
1727181213,1727181497,100,284
1727181263,1727181497,100,234
1727181325,1727181497,100,172
1727181222,1727181497,100,275
1727181228,1727181497,100,269
1727181270,1727181497,100,227
1727181082,1727181497,100,415
1727181208,1727181497,100,289
1727180279,1727180666,130,387
1727180280,1727180667,130,387
1727181195,1727181497,100,302
1727181086,1727181497,100,411
1727181106,1727181497,100,391
1727181131,1727181497,100,366
1727181254,1727181497,100,243
1727181320,1727181497,100,177
1727180281,1727180668,130,387
1727181145,1727181497,100,352
1727181120,1727181497,100,377
1727179017,1727179480,110,463
1727179145,1727179482,110,337
1727179178,1727179483,110,305
1727180283,1727180668,130,385
1727181175,1727181497,100,322
1727181238,1727181497,100,259
1727181307,1727181497,100,190
1727181197,1727181497,100,300
1727181290,1727181497,100,207
1727181225,1727181497,100,272
1727180284,1727180666,130,382
1727181205,1727181497,100,292
1727181257,1727181497,100,240
1727181162,1727181497,100,335
1727181306,1727181497,100,191
1727181255,1727181497,100,242
1727181088,1727181497,100,409
1727181298,1727181497,100,199
1727181137,1727181497,100,360
1727179193,1727179482,110,289
1727181177,1727181497,100,320
1727181284,1727181497,100,213
1727181271,1727181497,100,226
1727181280,1727181497,100,217
1727181166,1727181497,100,331
1727181184,1727181497,100,313
1727181303,1727181497,100,194
1727181319,1727181498,100,179
1727181078,1727181498,100,420
1727181324,1727181498,100,174
1727181282,1727181498,100,216
1727181090,1727181498,100,408
1727181094,1727181498,100,404
1727179012,1727179480,110,468
1727181117,1727181498,100,381
1727181232,1727181498,100,266
1727181081,1727181498,100,417
1727181110,1727181498,100,388
1727181202,1727181498,100,296
1727181250,1727181498,100,248
1727181214,1727181498,100,284
1727181098,1727181498,100,400
1727181289,1727181498,100,209
1727181160,1727181498,100,338
1727181216,1727181499,100,283
1727181211,1727181499,100,288
1727181112,1727181499,100,387
1727181227,1727181499,100,272
1727178934,1727179476,110,542
1727181110,1727181499,100,389
1727181081,1727181499,100,418
1727181171,1727181499,100,328
1727181078,1727181499,100,421
1727181199,1727181499,100,300
1727181186,1727181499,100,313
1727178940,1727179477,110,537
1727181186,1727181499,100,313
1727181076,1727181499,100,423
1727181266,1727181499,100,233
1727181244,1727181499,100,255
1727181180,1727181499,100,319
1727181297,1727181499,100,202
1727181252,1727181499,100,247
1727181255,1727181499,100,244
1727180292,1727180666,130,374
1727180292,1727180666,130,374
1727180327,1727180667,130,340
1727180299,1727180667,130,368
1727180297,1727180669,130,372
1727180308,1727180666,130,358
1727180305,1727180667,130,362
1727180306,1727180667,130,361
1727180315,1727180666,130,351
1727178932,1727179478,110,546
1727178949,1727179478,110,529
1727178949,1727179478,110,529
1727178931,1727179478,110,547
1727179137,1727179477,110,340
1727178977,1727179478,110,501
1727179189,1727179479,110,290
1727179161,1727179478,110,317
1727179173,1727179479,110,306
1727178951,1727179479,110,528
1727178943,1727179476,110,533
1727178935,1727179478,110,543
1727178933,1727179478,110,545
1727178955,1727179479,110,524
1727178965,1727179479,110,514
1727178962,1727179479,110,517
1727178954,1727179481,110,527
1727178975,1727179478,110,503
1727179001,1727179480,110,479
1727178969,1727179481,110,512
1727178984,1727179480,110,496
1727178988,1727179480,110,492
1727178980,1727179480,110,500
1727179025,1727179478,110,453
1727179006,1727179478,110,472
1727179022,1727179478,110,456
1727179030,1727179478,110,448
1727179027,1727179478,110,451
1727179033,1727179480,110,447
1727179027,1727179481,110,454
1727179043,1727179478,110,435
1727179044,1727179478,110,434
1727179045,1727179478,110,433
1727179054,1727179481,110,427
1727179063,1727179478,110,415
1727179060,1727179480,110,420
1727179125,1727179478,110,353
1727178982,1727179478,110,496
1727179019,1727179479,110,460
1727178933,1727179479,110,546
1727179058,1727179478,110,420
1727179119,1727179476,110,357
1727179119,1727179481,110,362
1727179076,1727179479,110,403
1727179079,1727179479,110,400
1727179079,1727179479,110,400
1727179082,1727179475,110,393
1727179084,1727179480,110,396
1727179087,1727179477,110,390
1727179093,1727179478,110,385
1727179095,1727179478,110,383
1727179098,1727179477,110,379
1727180315,1727180667,130,352
1727179101,1727179479,110,378
1727179104,1727179476,110,372
1727179108,1727179477,110,369
1727179113,1727179479,110,366
1727179117,1727179478,110,361
1727179136,1727179482,110,346
1727179147,1727179477,110,330
1727179143,1727179479,110,336
1727179155,1727179478,110,323
1727179142,1727179478,110,336
1727179148,1727179479,110,331
1727179150,1727179477,110,327
1727179152,1727179477,110,325
1727179152,1727179482,110,330
1727180318,1727180663,130,345
1727180318,1727180667,130,349
1727179176,1727179478,110,302
1727179180,1727179480,110,300
1727179189,1727179476,110,287
1727180319,1727180667,130,348
1727179197,1727179479,110,282
1727179198,1727179478,110,280
1727179202,1727179479,110,277
1727179212,1727179478,110,266
1727179055,1727179480,110,425
1727179193,1727179480,110,287
1727179094,1727179479,110,385
1727179153,1727179480,110,327
1727179202,1727179479,110,277
1727179103,1727179479,110,376
1727179166,1727179482,110,316
1727179075,1727179482,110,407
1727179217,1727179482,110,265
1727178953,1727179478,110,525
1727179172,1727179482,110,310
1727179200,1727179482,110,282
1727179132,1727179482,110,350
1727179200,1727179476,110,276
1727179174,1727179482,110,308
1727180326,1727180663,130,337
1727180331,1727180663,130,332
1727180336,1727180665,130,329
1727180328,1727180668,130,340
1727180356,1727180665,130,309
1727180357,1727180666,130,309
1727180359,1727180667,130,308
1727180374,1727180667,130,293
1727180358,1727180668,130,310
1727180347,1727180666,130,319
1727180353,1727180666,130,313
1727180351,1727180666,130,315
1727180363,1727180666,130,303
1727180366,1727180666,130,300
1727180364,1727180667,130,303
1727180366,1727180667,130,301
1727180380,1727180666,130,286
1727180372,1727180666,130,294
1727180379,1727180666,130,287
1727180379,1727180668,130,289
1727180382,1727180666,130,284
1727180383,1727180666,130,283
1727180384,1727180667,130,283
1727179136,1727179478,110,342
1727179085,1727179479,110,394
1727179175,1727179479,110,304
1727179074,1727179479,110,405
1727179166,1727179480,110,314
1727179041,1727179478,110,437
1727179074,1727179478,110,404
1727178972,1727179479,110,507
1727179083,1727179479,110,396
1727178928,1727179477,110,549
1727178927,1727179479,110,552
1727178928,1727179481,110,553
1727179185,1727179479,110,294
1727179210,1727179479,110,269
1727179048,1727179479,110,431
1727179005,1727179480,110,475
1727179068,1727179480,110,412
1727180145,1727180664,130,519
1727180150,1727180666,130,516
1727180149,1727180667,130,518
1727180148,1727180668,130,520
1727179206,1727179478,110,272
1727180158,1727180666,130,508
1727180157,1727180667,130,510
1727180156,1727180667,130,511
1727178973,1727179475,110,502
1727179097,1727179475,110,378
1727179066,1727179476,110,410
1727180159,1727180666,130,507
1727179165,1727179475,110,310
1727178961,1727179476,110,515
1727179100,1727179476,110,376
1727179002,1727179476,110,474
1727179008,1727179476,110,468
1727179190,1727179476,110,286
1727179123,1727179476,110,353
1727178985,1727179476,110,491
1727179072,1727179476,110,404
1727178962,1727179476,110,514
1727179109,1727179476,110,367
1727179071,1727179476,110,405
1727179137,1727179476,110,339
1727179158,1727179476,110,318
1727179163,1727179476,110,313
1727179056,1727179476,110,420
1727179008,1727179476,110,468
1727178952,1727179476,110,524
1727179220,1727179476,110,256
1727178937,1727179476,110,539
1727179208,1727179476,110,268
1727178939,1727179476,110,537
1727178956,1727179476,110,520
1727179024,1727179476,110,452
1727179215,1727179477,110,262
1727178990,1727179477,110,487
1727179167,1727179477,110,310
1727178980,1727179477,110,497
1727179088,1727179477,110,389
1727179053,1727179477,110,424
1727179170,1727179477,110,307
1727179174,1727179477,110,303
1727179004,1727179477,110,473
1727179105,1727179477,110,372
1727178942,1727179477,110,535
1727178941,1727179477,110,536
1727178978,1727179477,110,499
1727179089,1727179477,110,388
1727179051,1727179477,110,426
1727179090,1727179477,110,387
1727179126,1727179477,110,351
1727179168,1727179477,110,309
1727179138,1727179477,110,339
1727179029,1727179477,110,448
1727179092,1727179477,110,385
1727179115,1727179477,110,362
1727179020,1727179477,110,457
1727179157,1727179477,110,320
1727179068,1727179477,110,409
1727179036,1727179477,110,441
1727179139,1727179477,110,338
1727178944,1727179477,110,533
1727179102,1727179477,110,375
1727178979,1727179477,110,498
1727178953,1727179477,110,524
1727179082,1727179477,110,395
1727179042,1727179477,110,435
1727179205,1727179477,110,272
1727179052,1727179477,110,425
1727179107,1727179477,110,370
1727179158,1727179477,110,319
1727179210,1727179477,110,267
1727179059,1727179477,110,418
1727179131,1727179477,110,346
1727179192,1727179477,110,285
1727179056,1727179477,110,421
1727179205,1727179477,110,272
1727179216,1727179477,110,261
1727179184,1727179477,110,293
1727179138,1727179477,110,339
1727179047,1727179477,110,430
1727179172,1727179477,110,305
1727179065,1727179478,110,413
1727179118,1727179478,110,360
1727179146,1727179477,110,331
1727178948,1727179477,110,529
1727179020,1727179478,110,458
1727179099,1727179478,110,379
1727179134,1727179478,110,344
1727178947,1727179478,110,531
1727179142,1727179478,110,336
1727179118,1727179478,110,360
1727179052,1727179477,110,425
1727178983,1727179478,110,495
1727179177,1727179478,110,301
1727178971,1727179478,110,507
1727178995,1727179478,110,483
1727179057,1727179478,110,421
1727179010,1727179478,110,468
1727179029,1727179478,110,449
1727179127,1727179478,110,351
1727179034,1727179478,110,444
1727179159,1727179478,110,319
1727179003,1727179478,110,475
1727179191,1727179478,110,287
1727179217,1727179478,110,261
1727179169,1727179478,110,309
1727178950,1727179478,110,528
1727179150,1727179478,110,328
1727179182,1727179478,110,296
1727179081,1727179478,110,397
1727179044,1727179478,110,434
1727179083,1727179478,110,395
1727178936,1727179478,110,542
1727179201,1727179478,110,277
1727179038,1727179478,110,440
1727178942,1727179478,110,536
1727179160,1727179478,110,318
1727179203,1727179478,110,275
1727179181,1727179478,110,297
1727179026,1727179478,110,452
1727179211,1727179478,110,267
1727179214,1727179478,110,264
1727179097,1727179478,110,381
1727179197,1727179478,110,281
1727179213,1727179478,110,265
1727179049,1727179478,110,429
1727179209,1727179478,110,269
1727179009,1727179478,110,469
1727179187,1727179478,110,291
1727178973,1727179478,110,505
1727179175,1727179478,110,303
1727179112,1727179478,110,366
1727179133,1727179478,110,345
1727179032,1727179478,110,446
1727178999,1727179478,110,479
1727179194,1727179478,110,284
1727179028,1727179478,110,450
1727179050,1727179478,110,428
1727179085,1727179479,110,394
1727179096,1727179478,110,382
1727179013,1727179478,110,465
1727179177,1727179478,110,301
1727178982,1727179478,110,496
1727178960,1727179478,110,518
1727179129,1727179478,110,349
1727179102,1727179478,110,376
1727179022,1727179478,110,456
1727179206,1727179478,110,272
1727179157,1727179478,110,321
1727179035,1727179478,110,443
1727179072,1727179478,110,406
1727179091,1727179478,110,387
1727179055,1727179478,110,423
1727178994,1727179478,110,484
1727179011,1727179479,110,468
1727179058,1727179478,110,420
1727178977,1727179478,110,501
1727178996,1727179478,110,482
1727179187,1727179478,110,291
1727179204,1727179478,110,274
1727179154,1727179478,110,324
1727178950,1727179478,110,528
1727179146,1727179478,110,332
1727179036,1727179478,110,442
1727179130,1727179478,110,348
1727179003,1727179478,110,475
1727178956,1727179479,110,523
1727178992,1727179479,110,487
1727179047,1727179479,110,432
1727179063,1727179479,110,416
1727179025,1727179479,110,454
1727179140,1727179478,110,338
1727179007,1727179479,110,472
1727179196,1727179479,110,283
1727178986,1727179479,110,493
1727179049,1727179479,110,430
1727179016,1727179479,110,463
1727179109,1727179479,110,370
1727179070,1727179479,110,409
1727179017,1727179479,110,462
1727179000,1727179479,110,479
1727179133,1727179479,110,346
1727179028,1727179479,110,451
1727178987,1727179479,110,492
1727179188,1727179479,110,291
1727178957,1727179479,110,522
1727179046,1727179479,110,433
1727179051,1727179479,110,428
1727179155,1727179479,110,324
1727178936,1727179479,110,543
1727179116,1727179479,110,363
1727179030,1727179479,110,449
1727179184,1727179479,110,295
1727178930,1727179479,110,549
1727179130,1727179479,110,349
1727179111,1727179479,110,368
1727179204,1727179479,110,275
1727178945,1727179479,110,534
1727179134,1727179479,110,345
1727179005,1727179479,110,474
1727179092,1727179479,110,387
1727180170,1727180668,130,498
1727178989,1727179479,110,490
1727179050,1727179479,110,429
1727179145,1727179479,110,334
1727179023,1727179479,110,456
1727179094,1727179479,110,385
1727179144,1727179479,110,335
1727179059,1727179479,110,420
1727179194,1727179479,110,285
1727179106,1727179479,110,373
1727179116,1727179479,110,363
1727179148,1727179479,110,331
1727179122,1727179479,110,357
1727178976,1727179479,110,503
1727178959,1727179479,110,520
1727178967,1727179479,110,512
1727178993,1727179479,110,486
1727178947,1727179479,110,532
1727178943,1727179479,110,536
1727179114,1727179479,110,365
1727179218,1727179479,110,261
1727179199,1727179479,110,280
1727179077,1727179479,110,402
1727179106,1727179479,110,373
1727179171,1727179479,110,308
1727179089,1727179479,110,390
1727179035,1727179479,110,444
1727179091,1727179479,110,388
1727178995,1727179479,110,484
1727178999,1727179479,110,480
1727179164,1727179479,110,315
1727179127,1727179479,110,352
1727179015,1727179479,110,464
1727179207,1727179479,110,272
1727179161,1727179479,110,318
1727179064,1727179479,110,415
1727179086,1727179479,110,393
1727179004,1727179479,110,475
1727178988,1727179479,110,491
1727179126,1727179479,110,353
1727179087,1727179479,110,392
1727179129,1727179479,110,350
1727179071,1727179479,110,408
1727179057,1727179479,110,422
1727178964,1727179479,110,515
1727179031,1727179479,110,448
1727178963,1727179479,110,516
1727179067,1727179479,110,412
1727178981,1727179480,110,499
1727179121,1727179479,110,358
1727179098,1727179479,110,381
1727179073,1727179479,110,406
1727179162,1727179480,110,318
1727178992,1727179480,110,488
1727178979,1727179480,110,501
1727179066,1727179480,110,414
1727178940,1727179480,110,540
1727179078,1727179479,110,401
1727178967,1727179479,110,512
1727179191,1727179479,110,288
1727179122,1727179480,110,358
1727179165,1727179480,110,315
1727178974,1727179480,110,506
1727179104,1727179480,110,376
1727179033,1727179480,110,447
1727179040,1727179480,110,440
1727179069,1727179480,110,411
1727179110,1727179480,110,370
1727179000,1727179480,110,480
1727178986,1727179480,110,494
1727178971,1727179480,110,509
1727179101,1727179480,110,379
1727178997,1727179480,110,483
1727178952,1727179480,110,528
1727179213,1727179480,110,267
1727179021,1727179480,110,459
1727179218,1727179480,110,262
1727179168,1727179480,110,312
1727179209,1727179480,110,271
1727179176,1727179480,110,304
1727179141,1727179480,110,339
1727179039,1727179480,110,441
1727178946,1727179480,110,534
1727179188,1727179480,110,292
1727179195,1727179480,110,285
1727179154,1727179480,110,326
1727179216,1727179480,110,264
1727178968,1727179480,110,512
1727178958,1727179480,110,522
1727179014,1727179480,110,466
1727180140,1727180663,130,523
1727180138,1727180666,130,528
1727180144,1727180667,130,523
1727180143,1727180667,130,524
1727178938,1727179480,110,542
1727179151,1727179480,110,329
1727179192,1727179480,110,288
1727179007,1727179480,110,473
1727179045,1727179480,110,435
1727179069,1727179480,110,411
1727179076,1727179480,110,404
1727179135,1727179480,110,345
1727178938,1727179480,110,542
1727179065,1727179480,110,415
1727179105,1727179480,110,375
1727179164,1727179480,110,316
1727179182,1727179480,110,298
1727179162,1727179480,110,318
1727179053,1727179480,110,427
1727179099,1727179480,110,381
1727179061,1727179480,110,419
1727179073,1727179480,110,407
1727179112,1727179480,110,368
1727179090,1727179480,110,390
1727179125,1727179480,110,355
1727179024,1727179480,110,456
1727179160,1727179480,110,320
1727179149,1727179480,110,331
1727179110,1727179480,110,370
1727179040,1727179480,110,440
1727179011,1727179480,110,469
1727178930,1727179480,110,550
1727179208,1727179480,110,272
1727179153,1727179480,110,327
1727178960,1727179480,110,520
1727178945,1727179480,110,535
1727179212,1727179480,110,268
1727179061,1727179481,110,420
1727178975,1727179481,110,506
1727178991,1727179481,110,490
1727179032,1727179481,110,449
1727179183,1727179481,110,298
1727179113,1727179481,110,368
1727178958,1727179481,110,523
1727179140,1727179481,110,341
1727178964,1727179481,110,517
1727179043,1727179481,110,438
1727179179,1727179481,110,302
1727179077,1727179481,110,404
1727179062,1727179481,110,419
1727179078,1727179481,110,403
1727179002,1727179481,110,479
1727179186,1727179481,110,295
1727179041,1727179481,110,440
1727179013,1727179481,110,468
1727178959,1727179481,110,522
1727179167,1727179481,110,314
1727179086,1727179481,110,395
1727178974,1727179481,110,507
1727179018,1727179481,110,463
1727178929,1727179481,110,552
1727179067,1727179481,110,414
1727179198,1727179481,110,283
1727179170,1727179481,110,311
1727179015,1727179481,110,466
1727178989,1727179481,110,492
1727179120,1727179481,110,361
1727179149,1727179481,110,332
1727180133,1727180665,130,532
1727179095,1727179481,110,386
1727179220,1727179481,110,261
1727179201,1727179481,110,280
1727179179,1727179481,110,302
1727179123,1727179481,110,358
1727179219,1727179482,110,263
1727179185,1727179482,110,297
1727179214,1727179482,110,268
1727179180,1727179482,110,302
1727179124,1727179482,110,358
1727178998,1727179482,110,484
1727179081,1727179482,110,401
1727179037,1727179482,110,445
1727179064,1727179482,110,418
1727179115,1727179482,110,367
1727178970,1727179482,110,512
1727179141,1727179482,110,341
1727178994,1727179482,110,488
1727179108,1727179482,110,374
1727179039,1727179482,110,443
1727179121,1727179483,110,362
1727178984,1727179483,110,499
1727179060,1727179483,110,423
1727179144,1727179483,110,339
1727178969,1727179483,110,514
1727179080,1727179483,110,403
1727179046,1727179483,110,437
1727178998,1727179483,110,485
1727178932,1727179483,110,551
1727180136,1727180664,130,528
1727180135,1727180669,130,534
1727180172,1727180663,130,491
1727180206,1727180663,130,457
1727180153,1727180663,130,510
1727180355,1727180663,130,308
1727180216,1727180665,130,449
1727180392,1727180665,130,273
1727180237,1727180667,130,430
1727180193,1727180670,130,477
1727180293,1727180667,130,374
1727180304,1727180667,130,363
1727180179,1727180667,130,488
1727180289,1727180667,130,378
1727180202,1727180667,130,465
1727180223,1727180667,130,444
1727180162,1727180667,130,505
1727180286,1727180667,130,381
1727180141,1727180667,130,526
1727180336,1727180667,130,331
1727180220,1727180667,130,447
1727180287,1727180667,130,380
1727180275,1727180667,130,392
1727180286,1727180667,130,381
1727180258,1727180667,130,409
1727180356,1727180667,130,311
1727180381,1727180667,130,286
1727180304,1727180667,130,363
1727180138,1727180667,130,529
1727180213,1727180667,130,454
1727180244,1727180667,130,423
1727180385,1727180667,130,282
1727180333,1727180667,130,334
1727180361,1727180667,130,306
1727180154,1727180667,130,513
1727180209,1727180667,130,458
1727180166,1727180667,130,501
1727180290,1727180667,130,377
1727180387,1727180667,130,280
1727180199,1727180667,130,468
1727180200,1727180667,130,467
1727180343,1727180667,130,324
1727180252,1727180667,130,415
1727180360,1727180667,130,307
1727180387,1727180667,130,280
1727180181,1727180667,130,486
1727180241,1727180667,130,426
1727180344,1727180667,130,323
1727180151,1727180667,130,516
1727180328,1727180667,130,339
1727180282,1727180667,130,385
1727180200,1727180667,130,467
1727180142,1727180667,130,525
1727180338,1727180667,130,329
1727180393,1727180667,130,274
1727180257,1727180667,130,410
1727180204,1727180667,130,463
1727180370,1727180667,130,297
1727180329,1727180667,130,338
1727180219,1727180667,130,448
1727180373,1727180667,130,294
1727180142,1727180667,130,525
1727180306,1727180667,130,361
1727180179,1727180667,130,488
1727180378,1727180667,130,289
1727180224,1727180667,130,443
1727180321,1727180668,130,347
1727180193,1727180668,130,475
1727180195,1727180668,130,473
1727180308,1727180667,130,359
1727180168,1727180667,130,499
1727180182,1727180667,130,485
1727180139,1727180667,130,528
1727180337,1727180667,130,330
1727180388,1727180667,130,279
1727180365,1727180667,130,302
1727180181,1727180668,130,487
1727180265,1727180668,130,403
1727180389,1727180667,130,278
1727180210,1727180667,130,457
1727180276,1727180667,130,391
1727180189,1727180668,130,479
1727180265,1727180668,130,403
1727180240,1727180668,130,428
1727180158,1727180668,130,510
1727180257,1727180668,130,411
1727180227,1727180668,130,441
1727180368,1727180668,130,300
1727180161,1727180668,130,507
1727180300,1727180668,130,368
1727180376,1727180668,130,292
1727180389,1727180668,130,279
1727180221,1727180668,130,447
1727180148,1727180668,130,520
1727180159,1727180668,130,509
1727180185,1727180668,130,483
1727180369,1727180668,130,299
1727180236,1727180668,130,432
1727180228,1727180668,130,440
1727180177,1727180668,130,491
1727180250,1727180668,130,418
1727180177,1727180668,130,491
1727180284,1727180668,130,384
1727180264,1727180668,130,404
1727180327,1727180668,130,341
1727180380,1727180668,130,288
1727180210,1727180668,130,458
1727180143,1727180668,130,525
1727180139,1727180668,130,529
1727180187,1727180668,130,481
1727180192,1727180668,130,476
1727180170,1727180668,130,498
1727180358,1727180668,130,310
1727180252,1727180668,130,416
1727180312,1727180668,130,356
1727180340,1727180668,130,328
1727180267,1727180668,130,401
1727180174,1727180668,130,494
1727180255,1727180668,130,413
1727180325,1727180668,130,343
1727180260,1727180668,130,408
1727180294,1727180668,130,374
1727180186,1727180668,130,482
1727180243,1727180668,130,425
1727180132,1727180668,130,536
1727180323,1727180668,130,345
1727180314,1727180668,130,354
1727180269,1727180668,130,399
1727180263,1727180668,130,405
1727180266,1727180668,130,402
1727180297,1727180668,130,371
1727180287,1727180668,130,381
1727180300,1727180668,130,368
1727180333,1727180668,130,335
1727180303,1727180668,130,365
1727180176,1727180668,130,492
1727180386,1727180668,130,282
1727180396,1727180668,130,272
1727180302,1727180668,130,366
1727180391,1727180668,130,277
1727180384,1727180668,130,284
1727180354,1727180668,130,314
1727180246,1727180668,130,422
1727180301,1727180668,130,367
1727180161,1727180668,130,507
1727180174,1727180668,130,494
1727180146,1727180668,130,522
1727180312,1727180669,130,357
1727180213,1727180669,130,456
1727180317,1727180669,130,352
1727180215,1727180669,130,454
1727180196,1727180669,130,473
1727180206,1727180669,130,463
1727180291,1727180669,130,378
1727180256,1727180669,130,413
1727180320,1727180669,130,349
1727180208,1727180669,130,461
1727180244,1727180669,130,425
1727180367,1727180669,130,302
1727180346,1727180669,130,323
1727180314,1727180669,130,355
1727180189,1727180669,130,480
1727180351,1727180669,130,318
1727180208,1727180669,130,461
1727180211,1727180669,130,458
1727180382,1727180669,130,287
1727180171,1727180669,130,498
1727180169,1727180669,130,500
1727180147,1727180669,130,522
1727180222,1727180669,130,447
1727180357,1727180669,130,312
1727180248,1727180669,130,421
1727180238,1727180670,130,432
1727180254,1727180670,130,416
1727180325,1727180670,130,345
1727180229,1727180670,130,441
1727180187,1727180670,130,483
1727180324,1727180670,130,346
1727180377,1727180670,130,293
1727180251,1727180670,130,419
1727180262,1727180670,130,408
1727180172,1727180670,130,498
1727180271,1727180670,130,399
1727180349,1727180670,130,321
